세부항목,규제내용,컴플라이언스,매핑ID,매핑여부(직접매핑/해당없음),감사가능,감사방법(AWS 콘솔/CLI),권장해결(요약)
2.50.1.2,정보시스템과 개인정보 및 중요정보에 접근할 수 있는 사용자 계정 및 접근권한 생성∙등록∙변경 시 직무별 접근권한 분류 체계에 따라 업무상 필요한 최소한의 권한만을 부여하고 있는가?,ISMS-P,1.0-01;1.0-02;11.0-02,직접매핑,,,
2.50.2.1,정보시스템 및 개인정보처리시스템에서 사용자 및 개인정보취급자를 유일하게 구분할 수 있는 식별자를 할당하고 추측 가능한 식별자의 사용을 제한하고 있는가?,ISMS-P,1.0-01;1.0-03,직접매핑,,,
2.50.3.1,"정보시스템 및 개인정보처리시스템에 대한 접근은 사용자 인증, 로그인 횟수 제한, 불법 로그인 시도 경고 등 안전한 사용자 인증 절차에 의해 통제하고 있는가?",ISMS-P,1.0-04;1.0-06;2.0-09,직접매핑,,,
2.50.3.2,정보통신망을 통해 외부에서 개인정보처리시스템에 접속하려는 경우에는 법적 요구사항에 따라 안전한 인증수단 또는 안전한 접속수단을 적용하고 있는가?,ISMS-P,8.0-06;12.0-01;8.0-03,직접매핑,,,
2.50.4.1,정보시스템에 대한 안전한 사용자 비밀번호 관리절차 및 작성규칙을 수립∙이행하고 있는가?,ISMS-P,1.0-04;10.0-01,직접매핑,,,
2.50.4.2,정보주체(이용자)가 안전한 비밀번호를 이용할 수 있도록 비밀번호 작성 규칙을 수립∙이행하고 있는가?,ISMS-P,1.000004,직접매핑,,,
2.50.4.3,개인정보취급자 또는 정보주체의 인증수단을 안전하게 적용하고 관리하고 있는가?,ISMS-P,1.0-06;1.0-05;10.0-01,직접매핑,,,
2.50.5.2,특수 목적을 위해 부여한 계정 및 권한을 식별하고 별도의 목록으로 관리하는 등 통제절차를 수립∙이행하고 있는가?,ISMS-P,1.0-03;10.0-03,직접매핑,,,
2.50.6.1,정보시스템과 개인정보 및 중요정보에 대한 사용자 계정 및 접근권한 생성∙등록∙부여∙이용∙변경∙말소 등의 이력을 남기고 있는가?,ISMS-P,3.0-01;3.0-02,직접매핑,,,
2.60.1.1,조직의 네트워크에 접근할 수 있는 모든 경로를 식별하고 접근통제 정책에 따라 내부 네트워크는 인가된 사용자만이 접근할 수 있도록 통제하고 있는가?,ISMS-P,8.0-01;8.0-07;8.0-05,직접매핑,,,
2.60.1.2,"서비스, 사용자 그룹, 정보자산의 중요도, 법적 요구사항에 따라 네트워크 영역을 물리적 또는 논리적으로 분리하고 각 영역간 접근통제를 적용하고 있는가?",ISMS-P,8.0-07;12.0-01;8.0-05,직접매핑,,,
2.6.1.3,네트워크 대역별 IP주소 부여 기준을 마련하고 DB서버 등 외부 연결이 필요하지 않은 경우 사설 IP로 할당하는 등의 대책을 적용하고 있는가?,ISMS-P,8.0-01;8.0-07,직접매핑,,,
2.60.2.1,"서버, 네트워크시스템, 보안시스템 등 정보시스템 별 운영체제(OS)에 접근이 허용되는 사용자, 접근 가능 위치, 접근 수단 등을 정의하여 통제하고 있는가?",ISMS-P,8.0-01;7.0-01,직접매핑,,,
0.0.2.2,정보시스템에 접속 후 일정시간 업무처리를 하지 않는 경우 자동으로 시스템 접속이 차단되도록 하고 있는가?,ISMS-P,8.000003,직접매핑,,,
2.60.2.3,정보시스템의 사용목적과 관계없는 서비스를 제거하고 있는가?,ISMS-P,7.0-03;6.0-04,직접매핑,,,
2.6.3.1,중요정보 접근을 통제하기 위하여 사용자의 업무에 따라 응용프로그램 접근권한을 차등 부여하고 있는가?,ISMS-P,8.0-03;11.0-02,직접매핑,,,
2.60.3.2,"일정 시간동안 입력이 없는 세션은 자동 차단하고, 동일 사용자의 동시 세션 수를 제한하고 있는가?",ISMS-P,8.000003,직접매핑,,,
2.60.3.3,"관리자 전용 응용프로그램(관리자 웹페이지, 관리콘솔 등)은 비인가자가 접근할 수 없도록 접근을 통제하고 있는가?",ISMS-P,8.0-03;8.0-09,직접매핑,,,
2.60.3.4,개인정보 및 중요정보의 표시제한 보호조치의 일관성을 확보할 수 있도록 관련 기준을 수립하여 적용하고 있는가?,ISMS-P,12.0-05;11.0-03,직접매핑,,,
2.60.3.5,"개인정보 및 중요정보의 불필요한 노출(조회, 화면표시, 인쇄, 다운로드 등)을 최소화할 수 있도록 응용프로그램을 구현하여 운영하고 있는가?",ISMS-P,12.0-05;8.0-03,직접매핑,,,
2.60.4.1,데이터베이스의 테이블 목록 등 저장∙관리되고 있는 정보를 식별하고 있는가?,ISMS-P,5.0-06;5.0-05,직접매핑,,,
2.6.4.2,"데이터베이스 내 정보에 접근이 필요한 응용프로그램, 정보시스템(서버) 및 사용자를 명확히 식별하고 접근통제 정책에 따라 통제하고 있는가?",ISMS-P,13.0-02;8.0-01,직접매핑,,,
2.60.5.1,"무선네트워크를 업무적으로 사용하는 경우 무선 AP 및 네트워크 구간 보안을 위해 인증, 송수신 데이터 암호화 등 보호대책을 수립∙이행하고 있는가?",ISMS-P,해당없음,해당없음,가능,"무선 컨트롤러/ID시스템 로그·설정 감사, 경계진입은 WAF/Verified Access로 보완","사내 무선 WPA2-Enterprise/EAP-TLS, NAC"
2.60.6.1,인터넷과 같은 외부 네트워크를 통한 정보시스템 원격운영은 원칙적으로 금지하고 장애대응 등 부득이하게 허용하는 경우 보완대책을 마련하고 있는가?,ISMS-P,12.0-01;8.0-06;8.0-09,직접매핑,,,
2.60.7.2,주요 정보시스템(DB서버 등)에서 불필요한 외부 인터넷 접속을 통제하고 있는가?,ISMS-P,8.0-01;8.0-07,직접매핑,,,
2.60.7.3,관련 법령에 따라 인터넷망 차단 의무가 부과된 경우 대상자를 식별하여 안전한 방식으로 인터넷망 차단 조치를 적용하고 있는가?,ISMS-P,8.0-01;8.0-07,직접매핑,,,
2.7.1.1,"개인정보 및 주요정보의 보호를 위하여 법적 요구사항을 반영한 암호화 대상, 암호강도, 암호사용 등이 포함된 암호정책을 수립하고 있는가?",ISMS-P,2.0-01;2.0-02;2.0-03;2.0-04;2.0-05;2.0-06;2.0-10;2.0-11;2.0-12;2.0-13;2.0-14;2.0-15;2.0-16,직접매핑,,,
2.7.1.2,"암호정책에 따라 개인정보 및 주요정보의 저장, 전송, 전달 시 암호화를 수행하고 있는가?",ISMS-P,2.0-01;2.0-09;2.0-15,직접매핑,,,
2.7.2.1,"암호키 생성, 이용, 보관, 배포, 변경, 복구, 파기 등에 관한 절차를 수립∙이행하고 있는가?",ISMS-P,2.0-16;10.0-04,직접매핑,,,
2.7.2.2,암호키는 필요시 복구가 가능하도록 별도의 안전한 장소에 보관하고 암호키 사용에 관한 접근권한을 최소화하고 있는가?,ISMS-P,2.0-16;10.0-01,직접매핑,,,
2.80.1.3,정보시스템의 안전한 구현을 위한 코딩 표준을 수립하여 적용하고 있는가?,ISMS-P,16.0-01;16.0-02;16.0-03,직접매핑,,,
2.80.2.1,"정보시스템의 도입, 개발, 변경 시 분석 및 설계 단계에서 정의한 보안 요구사항이 효과적으로 적용되었는지를 확인하기 위한 시험을 수행하고 있는가?",ISMS-P,16.0-02;16.0-05,직접매핑,,,
2.8.2.2,정보시스템이 안전한 코딩 기준 등에 따라 안전하게 개발되었는지를 확인하기 위한 취약점 점검이 수행되고 있는가?,ISMS-P,6.0-04;7.0-01,직접매핑,,,
2.80.2.3,"시험 및 취약점 점검 과정에서 발견된 문제점이 신속하게 개선될 수 있도록 개선계획 수립, 이행점검 등의 절차를 이행하고 있는가?",ISMS-P,16.0-02;6.0-04;7.0-03,직접매핑,,,
2.80.3.1,정보시스템의 개발 및 시험 시스템을 운영시스템과 분리하고 있는가?,ISMS-P,11.0-01;11.0-02,직접매핑,,,
2.80.3.2,"불가피한 사유로 개발과 운영환경의 분리가 어려운 경우 상호검토, 상급자 모니터링, 변경 승인, 책임추적성 확보 등의 보안대책을 마련하고 있는가?",ISMS-P,16.0-02;3.0-01,직접매핑,,,
2.8.4.1,정보시스템의 개발 및 시험 과정에서 실제 운영 데이터의 사용을 제한하고 있는가?,ISMS-P,11.0-03;4.0-05,직접매핑,,,
2.8.4.2,"불가피하게 운영데이터를 시험 환경에서 사용할 경우 책임자 승인, 접근 및 유출 모니터링, 시험 후 데이터 삭제 등의 통제 절차를 수립∙이행하고 있는가?",ISMS-P,11.0-03;3.0-01,직접매핑,,,
2.80.5.1,비인가된 자에 의한 소스 프로그램 접근을 통제하기 위한 절차를 수립∙이행하고 있는가?,ISMS-P,16.0-01;10.0-01,직접매핑,,,
2.80.5.2,소스 프로그램은 장애 등 비상시를 대비하여 운영환경이 아닌 곳에 안전하게 보관하고 있는가?,ISMS-P,4.0-02;9.0-07,직접매핑,,,
2.80.5.3,소스 프로그램에 대한 변경이력을 관리하고 있는가?,ISMS-P,16.0-01;16.0-02,직접매핑,,,
2.80.6.1,신규 도입∙개발 및 변경된 시스템을 운영환경으로 안전하게 이관하기 위한 통제 절차를 수립∙이행하고 있는가?,ISMS-P,16.0-02;16.0-05,직접매핑,,,
2.80.6.2,운영환경으로의 이관 시 발생할 수 있는 문제에 대한 대응 방안을 마련하고 있는가?,ISMS-P,16.0-05;15.0-03,직접매핑,,,
2.90.1.2,정보시스템 관련 자산 변경을 수행하기 전 성능 및 보안에 미치는 영향을 분석하고 있는가?,ISMS-P,16.0-02;7.0-03,직접매핑,,,
2.90.2.1,정보시스템의 가용성 보장을 위하여 성능 및 용량을 지속적으로 모니터링 할 수 있는 절차를 수립∙이행하고 있는가?,ISMS-P,7.0-03;7.0-05,직접매핑,,,
0.0.2.2,정보시스템 성능 및 용량 요구사항(임계치)을 초과하는 경우에 대한 대응절차를 수립∙이행하고 있는가?,ISMS-P,7.000003,직접매핑,,,
2.90.2.3,정보시스템 장애를 즉시 인지하고 대응하기 위한 절차를 수립∙이행하고 있는가?,ISMS-P,7.0-03;7.0-05,직접매핑,,,
2.90.2.4,장애 발생 시 절차에 따라 조치하고 장애조치보고서 등을 통해 장애조치내역을 기록하여 관리하고 있는가?,ISMS-P,3.0-01;3.0-04,직접매핑,,,
2.90.2.5,심각도가 높은 장애의 경우 원인분석을 통한 재발방지 대책을 마련하고 있는가?,ISMS-P,7.0-01;7.0-03,직접매핑,,,
2.90.4.1,"서버, 응용프로그램, 보안시스템, 네트워크시스템 등 정보시스템에 대한 로그관리 절차를 수립하고 이에 따라 필요한 로그를 생성하여 보관하고 있는가?",ISMS-P,3.0-01;3.0-04;3.0-07;3.0-08,직접매핑,,,
2.90.4.2,"정보시스템의 로그기록은 위∙변조 및 도난, 분실되지 않도록 안전하게 보관하고 로그기록에 대한 접근권한은 최소화하여 부여하고 있는가?",ISMS-P,3.0-10;2.0-01,직접매핑,,,
2.9.4.3,개인정보처리시스템에 대한 접속기록은 법적 요구사항을 준수할 수 있도록 필요한 항목을 모두 포함하여 일정기간 안전하게 보관하고 있는가?,ISMS-P,3.0-01;3.0-04;3.0-11,직접매핑,,,
2.90.5.1,"정보시스템 관련 오류, 오∙남용(비인가접속, 과다조회 등), 부정행위 등 이상징후를 인지할 수 있도록 로그 검토 주기, 대상, 방법 등을 포함한 로그 검토 및 모니터링 절차를 수립∙이행하고 있는가?",ISMS-P,7.0-01;7.0-02;7.0-04,직접매핑,,,
2.90.5.2,로그 검토 및 모니터링 결과를 책임자에게 보고하고 이상징후 발견 시 절차에 따라 대응하고 있는가?,ISMS-P,7.0-01;7.0-02;7.0-04,직접매핑,,,
2.90.5.3,개인정보처리시스템의 접속기록은 관련 법령에서 정한 주기에 따라 정기적으로 점검하고 있는가?,ISMS-P,3.0-01;3.0-11,직접매핑,,,
2.9.6.1,정보시스템의 시간을 표준시간으로 동기화하고 있는가?,ISMS-P,해당없음,해당없음,가능,SSM RunCommand/Inventory로 chrony 상태 수집,"AMI 표준에 chrony 설정, Config 커스텀 룰"
2.9.6.2,시간 동기화가 정상적으로 이루어지고 있는지 주기적으로 점검하고 있는가?,ISMS-P,해당없음,해당없음,가능,SSM State Manager로 정기 점검,비정상 CloudWatch 경보
2.10.1.1,조직에서 운영하고 있는 보안시스템에 대한 운영절차를 수립∙이행하고 있는가?,ISMS-P,7.0-01;8.0-03;8.0-07,직접매핑,,,
2.10.1.2,보안시스템 관리자 등 접근이 허용된 인원을 최소화하고 비인가자의 접근을 엄격하게 통제하고 있는가?,ISMS-P,1.0-01;1.0-02,직접매핑,,,
2.10.1.3,"보안시스템별로 정책의 신규 등록, 변경, 삭제 등을 위한 공식적인 절차를 수립∙이행하고 있는가?",ISMS-P,16.0-02;11.0-02,직접매핑,,,
2.10.1.4,"보안시스템의 예외 정책 등록에 대하여 절차에 따라 관리하고 있으며, 예외 정책 사용자에 대하여 최소한의 권한으로 관리하고 있는가?",ISMS-P,16.0-02;1.0-02,직접매핑,,,
2.10.1.5,보안시스템에 설정된 정책의 타당성 여부를 주기적으로 검토하고 있는가?,ISMS-P,7.0-01;11.0-02,직접매핑,,,
2.10.1.6,개인정보처리시스템에 대한 불법적인 접근 및 개인정보 유출 방지를 위하여 관련 법령에서 정한 기능을 수행하는 보안시스템을 설치하여 운영하고 있는가?,ISMS-P,8.0-03;8.0-05;8.0-07;7.0-02,직접매핑,,,
0.0.2.2,"클라우드 서비스 이용 시 서비스 유형에 따른 보안위험을 평가하여 비인가 접근, 설정오류 등을 방지할 수 있도록 보안 구성 및 설정 기준, 보안설정 변경 및 승인 절차, 안전한 접속방법, 권한 체계 등 보안 통제 정책을 수립∙이행하고 있는가?",ISMS-P,11.0-02;16.0-04;7.0-01,직접매핑,,,
2.10.2.3,"클라우드 서비스 관리자 권한은 역할에 따라 최소화하여 부여하고 관리자 권한에 대한 비인가된 접근, 권한 오남용 등을 방지할 수 있도록 강화된 인증, 암호화, 접근통제, 감사기록 등 보호대책을 적용하고 있는가?",ISMS-P,1.0-01;1.0-06;2.0-09,직접매핑,,,
2.10.2.4,"클라우드 서비스의 보안 설정 변경, 운영 현황 등을 모니터링하고 그 적절성을 정기적으로 검토하고 있는가?",ISMS-P,7.0-01;3.0-03,직접매핑,,,
2.10.3.1,공개서버를 운영하는 경우 이에 대한 보호대책을 수립∙이행하고 있는가?,ISMS-P,8.0-03;2.0-09;12.0-05;8.0-02,직접매핑,,,
2.10.3.4,조직의 중요정보가 웹사이트 및 웹서버를 통해 노출되고 있는지 여부를 주기적으로 확인하여 중요정보 노출을 인지한 경우 이를 즉시 차단하는 등의 조치를 취하고 있는가?,ISMS-P,8.0-03;12.0-05;3.0-08,직접매핑,,,
2.10.4.2,전자거래 및 핀테크 서비스 제공을 위하여 결제시스템 등 외부 시스템과 연계하는 경우 송∙수신되는 관련 정보의 보호를 위한 대책을 수립∙이행하고 안전성을 점검하고 있는가?,ISMS-P,12.0-01;12.0-03;2.0-09;8.0-09,직접매핑,,,
2.10.5.1,외부 조직에 개인정보 및 중요정보를 전송할 경우 안전한 전송 정책을 수립하고 있는가?,ISMS-P,12.0-01;12.0-02;12.0-04;12.0-05,직접매핑,,,
2.10.5.2,업무상 조직 간에 개인정보 및 중요정보를 상호교환하는 경우 안전한 전송을 위한 협약체결 등 보호대책을 수립∙이행하고 있는가?,ISMS-P,12.0-02;12.0-04,직접매핑,,,
2.10.8.1,"서버, 네트워크시스템, 보안시스템, PC 등 자산별 특성 및 중요도에 따라 운영체제(OS)와 소프트웨어의 패치관리 정책 및 절차를 수립∙이행하고 있는가?",ISMS-P,해당없음,해당없음,가능,SSM Patch Manager 콘솔/CLI(`describe-patch-baselines` 등) 상태 감사,표준 Baseline/Window 수립
2.10.8.2,"주요 서버, 네트워크시스템, 보안시스템 등의 경우 설치된 OS, 소프트웨어 패치적용 현황을 주기적으로 관리하고 있는가?",ISMS-P,해당없음,해당없음,가능,SSM `describe-instance-patch-states`/Compliance 대시보드,미적용 임계치 경보 및 자동 시정
2.10.8.3,서비스 영향도 등에 따라 취약점을 조치하기 위한 최신의 패치 적용이 어려운 경우 보완대책을 마련하고 있는가?,ISMS-P,7.0-03;6.0-04,직접매핑,,,
2.10.8.4,"주요 서버, 네트워크시스템, 보안시스템 등의 경우 공개 인터넷 접속을 통한 패치를 제한하고 있는가?",ISMS-P,8.0-01;8.0-07,직접매핑,,,
2.10.8.5,패치관리시스템을 활용하는 경우 접근통제 등 충분한 보호대책을 마련하고 있는가?,ISMS-P,해당없음,해당없음,가능,SSM/IAM 접근제어·KMS 암호화 감사,"최소권한(1.0-01), 로깅(3.0-01) 강화"
2.10.9.2,백신 소프트웨어 등 보안프로그램을 통하여 최신 악성코드 예방∙탐지 활동을 지속적으로 수행하고 있는가?,ISMS-P,7.0-02;7.0-01,직접매핑,,,
2.10.9.3,백신 소프트웨어 등 보안프로그램은 최신의 상태로 유지하고 필요시 긴급 보안업데이트를 수행하고 있는가?,ISMS-P,해당없음,해당없음,가능,"SSM Inventory로 에이전트 버전 수집, Security Hub 연계","EDR 표준화, 컨테이너 이미지 스캔(ECR)"
2.10.9.4,악성코드 감염 발견 시 악성코드 확산 및 피해 최소화 등의 대응절차를 수립∙이행하고 있는가?,ISMS-P,7.0-01;7.0-03,직접매핑,,,
2.110.2.1,정보시스템 취약점 점검 절차를 수립하고 정기적으로 점검을 수행하고 있는가?,ISMS-P,6.0-04;7.0-01,직접매핑,,,
0.0.2.2,발견된 취약점에 대한 조치를 수행하고 그 결과를 책임자에게 보고하고 있는가?,ISMS-P,6.0-04;16.0-02,직접매핑,,,
2.110.2.3,최신 보안취약점 발생 여부를 지속적으로 파악하고 정보시스템에 미치는 영향을 분석하여 조치하고 있는가?,ISMS-P,6.0-04;7.0-01,직접매핑,,,
2.110.2.4,취약점 점검 이력을 기록관리하여 전년도에 도출된 취약점이 재발생하는 등의 문제점에 대해 보호대책을 마련하고 있는가?,ISMS-P,7.0-01;16.0-02,직접매핑,,,
2.11.3.1,"내∙외부에 의한 침해시도, 개인정보 유출 시도, 부정행위 등 이상행위를 탐지할 수 있도록 주요 정보시스템, 응용프로그램, 네트워크, 보안시스템 등에서 발생한 네트워크 트래픽, 데이터 흐름, 이벤트 로그 등을 수집하여 분석 및 모니터링하고 있는가?",ISMS-P,7.0-02;7.0-04;3.0-11,직접매핑,,,
2.110.3.2,"침해시도, 개인정보유출시도, 부정행위 등의 여부를 판단하기 위한 기준 및 임계치를 정의하고 이에 따라 이상행위의 판단 및 조사 등 후속 조치가 적시에 이루어지고 있는가?",ISMS-P,7.0-01;7.0-03,직접매핑,,,
3.10.1.1,"개인정보를 수집하는 경우 정보주체 동의, 법령상 의무준수, 계약 체결∙이행 등 적법 요건에 따라 수집하고 있는가?",ISMS-P,해당없음,해당없음,가능,CloudTrail로 수집·제공 API 히스토리 감사,동의관리 시스템·정책 문서화
3.10.1.7,정보주체 및 법정대리인에게 동의를 받은 기록을 보관하고 있는가?,ISMS-P,해당없음,해당없음,가능,S3/DB 보존정책(Lifecycle 4.0-01) 감사,동의 로그 스키마/보존정책 수립
3.10.1.8,정보주체의 동의 없이 처리할 수 있는 개인정보에 대해서는 그 항목과 처리의 법적 근거를 정보주체의 동의를 받아 처리하는 개인정보와 구분하여 개인정보 처리방침에 공개하거나 정보주체에게 알리고 있는가?,ISMS-P,해당없음,해당없음,가능,웹 공개정책 변경 CloudTrail/Change 관리(16.0-02),정책 페이지 버전관리(CodeCommit)
3.10.2.1,개인정보를 수집하는 경우 그 목적에 필요한 범위에서 최소한의 정보만을 수집하고 있는가?,ISMS-P,4.0-05;11.0-03,직접매핑,,,
3.10.3.1,주민등록번호는 명확한 법적 근거가 있는 경우에만 처리하고 있는가?,ISMS-P,해당없음,해당없음,가능,처리시스템 접근/조회 이력 CloudTrail·App 로그,데이터 최소화·전면 암호화 적용
3.10.3.2,주민등록번호의 수집 근거가 되는 법조항을 구체적으로 식별하고 있는가?,ISMS-P,해당없음,해당없음,가능,변경 관리 감사(16.0-02),법무 검토 기록화
3.1.4.1,민감정보는 정보주체로부터 별도의 동의를 받거나 관련 법령에 근거가 있는 경우에만 처리하고 있는가?,ISMS-P,해당없음,해당없음,가능,접근/반출 이벤트 감사(Macie/CloudTrail),최소권한·암호화
3.1.4.2,고유식별정보(주민등록번호 제외)는 정보주체로부터 별도의 동의를 받거나 관련 법령에 구체적인 근거가 있는 경우에만 처리하고 있는가?,ISMS-P,해당없음,해당없음,가능,동의/접근 로그 감사,최소권한·암호화
3.10.5.2,공개된 매체 및 장소에서 개인정보를 수집하는 경우 정보주체의 공개 목적∙범위 및 사회 통념상 동의 의사가 있다고 인정되는 범위 내에서만 수집∙이용하고 있는가?,ISMS-P,해당없음,해당없음,가능,수집 파이프라인 로그/정책 감사,정책·가이드 반영
3.10.5.3,"서비스 계약 이행을 위해 필요한 경우로서, 서비스 제공 과정에서 자동수집장치 등에 의해 수집∙생성하는 개인정보의 경우에도 최소수집 원칙을 적용하고 있는가?",ISMS-P,4.000005,직접매핑,,,
3.10.5.6,정보주체에게 수집 출처에 대해 알린 기록을 해당 개인정보의 파기 시까지 보관∙관리하고 있는가?,ISMS-P,3.000001,직접매핑,,,
3.2.2.1,개인정보를 최신의 상태로 정확하게 유지하기 위한 절차 및 방안을 수립∙이행하고 있는가?,ISMS-P,5.0-02;5.0-01,직접매핑,,,
3.2.4.1,개인정보는 최초 수집 시 정보주체로부터 동의받은 목적 또는 법령에 근거한 범위 내에서만 이용∙제공하고 있는가?,ISMS-P,해당없음,해당없음,가능,접근/반출 이벤트 CloudTrail Lake(3.0-11) 분석,정책 위반 탐지·차단
3.2.4.2,개인정보처리자로부터 개인정보를 제공받은 경우 제공받은 목적의 범위 내에서만 이용∙제공하고 있는가?,ISMS-P,해당없음,해당없음,가능,S3 Access Logs/CloudTrail 분석,권한 모델로 최소권한 유지
3.2.4.3,개인정보를 수집 목적 또는 개인정보처리자로부터 제공받은 목적의 범위를 초과하여 이용하거나 제공하는 경우 정보주체에게 별도의 동의를 받거나 법적 근거가 있는 경우로 제한하고 있는가?,ISMS-P,해당없음,해당없음,가능,변경/승인 워크플로 기록 감사,정책·동의 재수집
3.2.5.1,"가명정보를 처리하는 경우 목적 제한, 가명처리 방법 및 기준, 적정성 검토, 재식별 금지 및 재식별 발생 시 조치사항 등 가명정보를 적정하게 처리하기 위한 절차를 수립하고 있는가?",ISMS-P,11.0-03;5.0-05,직접매핑,,,
3.20.5.2,개인정보를 가명처리하여 이용∙제공 시 추가 정보의 사용∙결합 없이는 개인을 알아볼 수 없도록 적정한 수준으로 가명처리를 수행하고 있는가?,ISMS-P,11.000003,직접매핑,,,
3.20.5.3,다른 개인정보처리자와 가명정보를 결합하는 경우 결합전문기관 또는 데이터전문기관을 통해 결합하고 있는가?,ISMS-P,해당없음,해당없음,가능,반출·결합 요청 이벤트 로그 감사,내부 결합 금지·전문기관 경유
3.20.5.4,"가명정보를 처리하는 경우 추가 정보를 삭제 또는 별도로 분리하여 보관∙관리, 관련 기록의 작성∙보관 등 안전성 확보에 필요한 기술적∙관리적 및 물리적 조치를 하고 있는가?",ISMS-P,11.0-03;10.0-01,직접매핑,,,
3.2.5.5,"가명정보 처리목적 등을 고려하여 가명정보의 처리 기간을 적정한 기간으로 정하고 있으며, 해당 기간이 경과한 경우 지체 없이 파기하고 있는가?",ISMS-P,4.0-01;4.0-02;4.0-03,직접매핑,,,
3.20.5.6,개인정보를 익명처리하는 경우 시간∙비용∙기술 등을 합리적으로 고려할 때 다른 정보를 사용하여도 더 이상 특정 개인을 알아볼 수 없도록 적정한 수준으로 익명처리하고 있는가?,ISMS-P,해당없음,해당없음,가능,데이터셋 라인리지/출처 추적(5.0-03/04),비식별화 가이드·위험평가
3.30.4.4,개인정보를 국외로 이전하는 경우 개인정보 보호를 위해 필요한 조치를 취하고 있는가?,ISMS-P,12.0-04;9.0-04,직접매핑,,,
3.4.1.1,개인정보의 보유기간 및 파기와 관련된 내부 정책을 수립하고 있는가?,ISMS-P,4.0-01;4.0-02;4.0-04,직접매핑,,,
3.40.1.2,개인정보의 처리목적이 달성되거나 보유기간이 경과한 경우 지체 없이 해당 개인정보를 파기하고 있는가?,ISMS-P,4.0-01;4.0-03,직접매핑,,,
3.40.1.3,개인정보를 파기할 때에는 복구∙재생되지 않도록 안전한 방법으로 파기하고 있는가?,ISMS-P,4.0-02;9.0-07,직접매핑,,,
3.4.1.4,개인정보 파기에 대한 기록을 남기고 관리하고 있는가?,ISMS-P,3.000001,직접매핑,,,
3.40.2.1,"개인정보의 보유기간 경과 또는 처리목적 달성 후에도 관련 법령 등에 따라 파기하지 아니하고 보존하는 경우, 관련 법령에 따른 최소한의 기간으로 한정하여 최소한의 정보만을 보존하도록 관리하고 있는가?",ISMS-P,4.0-01;4.0-04,직접매핑,,,
3.4.2.2,개인정보의 보유기간 경과 또는 처리목적 달성 후에도 관련 법령 등에 따라 파기하지 아니하고 보존하는 경우 해당 개인정보 또는 개인정보파일을 다른 개인정보와 분리하여 저장∙관리하고 있는가?,ISMS-P,12.0-05;11.0-01,직접매핑,,,
3.4.2.3,분리 보관하고 있는 개인정보에 대하여 법령에서 정한 목적 범위 내에서만 처리 가능하도록 관리하고 있는가?,ISMS-P,11.000002,직접매핑,,,
3.40.2.4,분리 보관하고 있는 개인정보에 대하여 접근권한을 최소한의 인원으로 제한하고 있는가?,ISMS-P,1.0-01;13.0-02,직접매핑,,,
3.50.2.3,정보주체 또는 그 대리인이 개인정보 수집∙이용∙제공 등의 동의를 철회하는 경우 지체 없이 수집된 개인정보를 파기하는 등 필요한 조치를 취하고 있는가?,ISMS-P,4.0-01;4.0-03;4.0-02,직접매핑,,,
제23조 민감정보의 처리 제한,"① 개인정보처리자는 사상ㆍ신념, 노동조합ㆍ정당의 가입ㆍ탈퇴, 정치적 견해, 건강, 성생활 등에 관한 정보, 그 밖에 정보주체의 사생활을 현저히 침해할 우려가 있는 개인정보로서 대통령령으로 정하는 정보(이하 “민감정보”라 한다)를 처리하여서는 아니 된다. 다만, 다음 각 호의 어느 하나에 해당하는 경우에는 그러하지 아니하다. <개정 2016. 3. 29.> ② 개인정보처리자가 제1항 각 호에 따라 민감정보를 처리하는 경우에는 그 민감정보가 분실ㆍ도난ㆍ유출ㆍ위조ㆍ변조 또는 훼손되지 아니하도록 제29조에 따른 안전성 확보에 필요한 조치를 하여야 한다. <신설 2016. 3. 29.> ③ 개인정보처리자는 재화 또는 서비스를 제공하는 과정에서 공개되는 정보에 정보주체의 민감정보가 포함됨으로써 사생활 침해의 위험성이 있다고 판단하는 때에는 재화 또는 서비스의 제공 전에 민감정보의 공개 가능성 및 비공개를 선택하는 방법을 정보주체가 알아보기 쉽게 알려야 한다. <신설 2023. 3. 14.>",PIPA,11.0-03;2.0-01;2.0-11;1.0-01;3.0-01,직접매핑,,,
제24조 고유식별정보의 처리 제한,"① 개인정보처리자는 다음 각 호의 경우를 제외하고는 법령에 따라 개인을 고유하게 구별하기 위하여 부여된 식별정보로서 대통령령으로 정하는 정보(이하 “고유식별정보”라 한다)를 처리할 수 없다. ② 삭제 <2013. 8. 6.> ③ 개인정보처리자가 제1항 각 호에 따라 고유식별정보를 처리하는 경우에는 그 고유식별정보가 분실ㆍ도난ㆍ유출ㆍ위조ㆍ변조 또는 훼손되지 아니하도록 대통령령으로 정하는 바에 따라 암호화 등 안전성 확보에 필요한 조치를 하여야 한다. <개정 2015. 7. 24.> ④ 보호위원회는 처리하는 개인정보의 종류ㆍ규모, 종업원 수 및 매출액 규모 등을 고려하여 대통령령으로 정하는 기준에 해당하는 개인정보처리자가 제3항에 따라 안전성 확보에 필요한 조치를 하였는지에 관하여 대통령령으로 정하는 바에 따라 정기적으로 조사하여야 한다. <신설 2016. 3. 29., 2017. 7. 26., 2020. 2. 4.> ⑤ 보호위원회는 대통령령으로 정하는 전문기관으로 하여금 제4항에 따른 조사를 수행하게 할 수 있다. <신설 2016. 3. 29., 2017. 7. 26., 2020. 2. 4.>",PIPA,2.0-16;2.0-01;2.0-11;1.0-01,직접매핑,,,
제24조의2 주민등록번호 처리의 제한,"① 제24조제1항에도 불구하고 개인정보처리자는 다음 각 호의 어느 하나에 해당하는 경우를 제외하고는 주민등록번호를 처리할 수 없다. <개정 2014. 11. 19., 2016. 3. 29., 2017. 7. 26., 2020. 2. 4.> ② 개인정보처리자는 제24조제3항에도 불구하고 주민등록번호가 분실ㆍ도난ㆍ유출ㆍ위조ㆍ변조 또는 훼손되지 아니하도록 암호화 조치를 통하여 안전하게 보관하여야 한다. 이 경우 암호화 적용 대상 및 대상별 적용 시기 등에 관하여 필요한 사항은 개인정보의 처리 규모와 유출 시 영향 등을 고려하여 대통령령으로 정한다. <신설 2014. 3. 24., 2015. 7. 24.> ③ 개인정보처리자는 제1항 각 호에 따라 주민등록번호를 처리하는 경우에도 정보주체가 인터넷 홈페이지를 통하여 회원으로 가입하는 단계에서는 주민등록번호를 사용하지 아니하고도 회원으로 가입할 수 있는 방법을 제공하여야 한다. <개정 2014. 3. 24.> ④ 보호위원회는 개인정보처리자가 제3항에 따른 방법을 제공할 수 있도록 관계 법령의 정비, 계획의 수립, 필요한 시설 및 시스템의 구축 등 제반 조치를 마련ㆍ지원할 수 있다.",PIPA,2.0-16;2.0-01;3.0-01,직접매핑,,,
제28조 개인정보취급자에 대한 감독,"① 개인정보처리자는 개인정보를 처리함에 있어서 개인정보가 안전하게 관리될 수 있도록 임직원, 파견근로자, 시간제근로자 등 개인정보처리자의 지휘ㆍ감독을 받아 개인정보를 처리하는 자(이하 “개인정보취급자”라 한다)의 범위를 최소한으로 제한하고, 개인정보취급자에 대하여 적절한 관리ㆍ감독을 하여야 한다. <개정 2023. 3. 14.> ② 개인정보처리자는 개인정보의 적정한 취급을 보장하기 위하여 개인정보취급자에게 정기적으로 필요한 교육을 실시하여야 한다.",PIPA,1.0-01;1.0-02;3.0-01,직접매핑,,,
제28조의2 가명정보의 처리 등,"① 개인정보처리자는 통계작성, 과학적 연구, 공익적 기록보존 등을 위하여 정보주체의 동의 없이 가명정보를 처리할 수 있다. ② 개인정보처리자는 제1항에 따라 가명정보를 제3자에게 제공하는 경우에는 특정 개인을 알아보기 위하여 사용될 수 있는 정보를 포함해서는 아니 된다.",PIPA,11.0-03;5.0-05;5.0-06,직접매핑,,,
제28조의4 가명정보에 대한 안전조치의무 등 (①),① 개인정보처리자는 제28조의2 또는 제28조의3에 따라 가명정보를 처리하는 경우에는 원래의 상태로 복원하기 위한 추가 정보를 별도로 분리하여 보관ㆍ관리하는 등 해당 정보가 분실ㆍ도난ㆍ유출ㆍ위조ㆍ변조 또는 훼손되지 않도록 대통령령으로 정하는 바에 따라 안전성 확보에 필요한 기술적ㆍ관리적 및 물리적 조치를 하여야 한다. <개정 2023. 3. 14.>,PIPA,11.0-03;10.0-01;2.0-01;3.0-01,직접매핑,,,
제28조의4 가명정보에 대한 안전조치의무 등 (②),② 개인정보처리자는 제28조의2 또는 제28조의3에 따라 가명정보를 처리하는 경우 처리목적 등을 고려하여 가명정보의 처리 기간을 별도로 정할 수 있다. <신설 2023. 3. 14.>,PIPA,4.0-01;4.0-02,직접매핑,,,
제28조의4 가명정보에 대한 안전조치의무 등 (③),"③ 개인정보처리자는 제28조의2 또는 제28조의3에 따라 가명정보를 처리하고자 하는 경우에는 가명정보의 처리 목적, 제3자 제공 시 제공받는 자, 가명정보의 처리 기간(제2항에 따라 처리 기간을 별도로 정한 경우에 한한다) 등 가명정보의 처리 내용을 관리하기 위하여 대통령령으로 정하는 사항에 대한 관련 기록을 작성하여 보관하여야 하며, 가명정보를 파기한 경우에는 파기한 날부터 3년 이상 보관하여야 한다.",PIPA,3.0-01;4.0-01;4.0-02;11.0-03,직접매핑,,,
제28조의5 가명정보 처리 시 금지의무 등,"① 제28조의2 또는 제28조의3에 따라 가명정보를 처리하는 자는 특정 개인을 알아보기 위한 목적으로 가명정보를 처리해서는 아니 된다. <개정 2023. 3. 14.> ② 개인정보처리자는 제28조의2 또는 제28조의3에 따라 가명정보를 처리하는 과정에서 특정 개인을 알아볼 수 있는 정보가 생성된 경우에는 즉시 해당 정보의 처리를 중지하고, 지체 없이 회수ㆍ파기하여야 한다.",PIPA,11.0-03;4.0-05;3.0-01,직접매핑,,,
제28조의8 개인정보의 국외 이전,"① 개인정보처리자는 개인정보를 국외로 제공(조회되는 경우를 포함한다)ㆍ처리위탁ㆍ보관(이하 이 절에서 “이전”이라 한다)하여서는 아니 된다. 다만, 다음 각 호의 어느 하나에 해당하는 경우에는 개인정보를 국외로 이전할 수 있다. ② 개인정보처리자는 제1항제1호에 따른 동의를 받을 때에는 미리 다음 각 호의 사항을 정보주체에게 알려야 한다. ③ 개인정보처리자는 제2항 각 호의 어느 하나에 해당하는 사항을 변경하는 경우에는 정보주체에게 알리고 동의를 받아야 한다. ④ 개인정보처리자는 제1항 각 호 외의 부분 단서에 따라 개인정보를 국외로 이전하는 경우 국외 이전과 관련한 이 법의 다른 규정, 제17조부터 제19조까지의 규정 및 제5장의 규정을 준수하여야 하고, 대통령령으로 정하는 보호조치를 하여야 한다. ⑤ 개인정보처리자는 이 법을 위반하는 사항을 내용으로 하는 개인정보의 국외 이전에 관한 계약을 체결하여서는 아니 된다. ⑥ 제1항부터 제5항까지에서 규정한 사항 외에 개인정보 국외 이전의 기준 및 절차 등에 필요한 사항은 대통령령으로 정한다.",PIPA,12.0-04;12.0-01;9.0-04;12.0-05,직접매핑,,,
제30조(인공지능 안전성ㆍ신뢰성 검ㆍ인증등 지원) ③,인공지능사업자가 고영향 인공지능을 제공하는 경우 사전에 검ㆍ인증등을 받도록 노력하여야 한다.,korea-ai-act,,해당없음,가능,"SageMaker Model Registry/Experiments 콘솔, CodePipeline/CodeBuild 아티팩트 및 CloudTrail 배포 이력 확인","외부 검·인증 정책 수립, 평가 산출물 S3 보존 및 변경관리 연계"
제30조(인공지능 안전성ㆍ신뢰성 검ㆍ인증등 지원) ④,국가기관등이 고영향 인공지능을 이용하려는 경우에는 검ㆍ인증등을 받은 인공지능에 기반한 제품 또는 서비스를 우선적으로 고려하여야 한다.,korea-ai-act,,해당없음,가능,"조달·적합성 문서 S3 보존, CloudTrail/Config로 배포 구성 스냅샷 증빙","우선구매 기준 문서화, 검·인증 여부 메타데이터 관리"
제32조(인공지능 안전성 확보 의무) ①,인공지능사업자는 학습에 사용된 누적 연산량이 대통령령으로 정하는 기준 이상인 인공지능시스템의 안전성을 확보하기 위하여 다음 각 호의 사항을 이행하여야 한다. 1. 인공지능 수명주기 전반에 걸친 위험의 식별ㆍ평가 및 완화 2. 인공지능 관련 안전사고를 모니터링하고 대응하는 위험관리체계 구축,korea-ai-act,6.0-02;6.0-01;6.0-05;7.0-03;3.0-01;3.0-04;15.0-01;15.0-03;16.0-02,직접매핑,,,
제32조(인공지능 안전성 확보 의무) ②,인공지능사업자는 제1항 각 호에 따른 사항의 이행 결과를 과학기술정보통신부장관에게 제출하여야 한다.,korea-ai-act,,해당없음,가능,"증빙 산출물(S3 Versioning/Obj. Lock), CodeCommit/CodeBuild 산출물, CloudTrail 제출 이력","제출 템플릿 정의, 산출물 자동 보존·버전관리"
제32조(인공지능 안전성 확보 의무) ③,과학기술정보통신부장관은 제1항 각 호에 따른 사항의 구체적인 이행 방식 및 제2항에 따른 결과 제출 등에 필요한 사항을 정하여 고시하여야 한다.,korea-ai-act,,해당없음,가능,"AWS Config로 운영 설정 준수 스냅샷, 변경관리(CloudFormation/StackSets) 이력","내부 기준을 고시에 정합화, 기준-통제 매핑 최신화"
제33조(고영향 인공지능의 확인) ①,"인공지능사업자는 인공지능 또는 이를 이용한 제품ㆍ서비스를 제공하는 경우 그 인공지능이 고영향 인공지능에 해당하는지에 대하여 사전에 검토하여야 하며, 필요한 경우 과학기술정보통신부장관에게 고영향 인공지능에 해당하는지 여부의 확인을 요청할 수 있다.",korea-ai-act,,해당없음,가능,"검토 기록을 S3/Glue 카탈로그로 관리, CloudTrail로 반출·제출 이력 확인","고영향 여부 결정 절차·기준 수립, 결재·증빙 보관"
제34조(고영향 인공지능과 관련한 사업자의 책무) ①,"인공지능사업자는 고영향 인공지능 또는 이를 이용한 제품ㆍ서비스를 제공하는 경우 고영향 인공지능의 안전성ㆍ신뢰성을 확보하기 위하여 다음 각 호의 내용을 포함하는 조치를 대통령령으로 정하는 바에 따라 이행하여야 한다. 1. 위험관리방안의 수립ㆍ운영 2. 기술적으로 가능한 범위에서의 인공지능이 도출한 최종결과, 인공지능의 최종결과 도출에 활용된 주요 기준, 인공지능의 개발ㆍ활용에 사용된 학습용데이터의 개요 등에 대한 설명 방안의 수립ㆍ시행 3. 이용자 보호 방안의 수립ㆍ운영 4. 고영향 인공지능에 대한 사람의 관리ㆍ감독 5. 안전성ㆍ신뢰성 확보를 위한 조치의 내용을 확인할 수 있는 문서의 작성과 보관 6. 그 밖에 고영향 인공지능의 안전성ㆍ신뢰성 확보를 위하여 위원회에서 심의ㆍ의결된 사항",korea-ai-act,6.0-02;6.0-05;5.0-03;5.0-04;7.0-01;7.0-03;3.0-01;4.0-01;4.0-02;16.0-02,직접매핑,,,
제35조(고영향 인공지능 영향평가),인공지능사업자가 고영향 인공지능을 이용한 제품 또는 서비스를 제공하는 경우 사전에 사람의 기본권에 미치는 영향을 평가(이하 “영향평가”라 한다)하기 위하여 노력하여야 한다. 국가기관등이 고영향 인공지능을 이용한 제품 또는 서비스를 이용하려는 경우에는 영향평가를 실시한 제품 또는 서비스를 우선적으로 고려하여야 한다.,korea-ai-act,,해당없음,가능,"영향평가 보고서 S3 보존·버전관리, 제출/검토 이력 CloudTrail, 배포 파이프라인에 승인단계(CodePipeline) 구성","영향평가 프로세스·게이트 내재화, 증빙 자동 수집"
제5조. 개인정보의 처리 원칙,"모든 개인정보의 처리는 합법적이고 공정해야 한다. 본인과 관련된 개인정보가 수집, 이용, 참조되거나 기타 방식으로 처리된다는 사실, 그리고 그 개인정보가 처리되거나 처리될 범위를 해당 개인에게 투명하게 알려야 한다. 이러한 투명성 원칙은 개인정보 처리와 관련하여 행하는 정보 제공 및 의사소통 일체가 용이하고 이해하기 쉬우며 명확하고 평이한 언어로 행해지도록 요구한다. 투명성 원칙은 정보주체에게 제공되는 컨트롤러의 신원과 처리 목적에 대한 정보 및 공정하고 투명한 처리를 보장하기 위한 추가 정보, 그리고 본인에 관해 처리 중인 개인정보를 확인하고 전달받을 수 있는 권리에 관련된다. 개인은 처리 위험성·규칙·안전조치와 권리 및 행사 방식에 대해 인지할 수 있어야 한다. 특히 목적은 명백하고 적법하며 수집 시 결정되어야 한다. 개인정보는 목적에 적합·관련·필요한 정도로 제한되고 보관기간 최소화가 요구된다. 개인정보는 목적을 여타 수단으로 합리적으로 달성할 수 없는 경우에만 처리된다. 컨트롤러는 과보관 방지를 위해 기간을 정해 삭제 또는 주기 검토를 해야 하며, 부정확 정보는 수정/삭제되도록 적정 조치를 취해야 한다. 개인정보는 적절한 안전과 기밀성을 보장하는 방식으로 처리되어야 한다.",GDPR,4.0-01;4.0-02;4.0-03;1.0-01;2.0-01;2.0-15;3.0-01;5.0-01;5.0-02,직접매핑,,,
제9조. 특별 범주의 개인정보 처리,"특별범주(인종·정치·종교·철학·노조·유전·생체·건강·성생활/성적성향)의 처리는 금지된다. 단, 명백한 동의 등 예외 사유가 있는 경우 가능하며 적절한 안전조치가 필요하다. 의료·공익·법적권리 등 예외 포함.",GDPR,2.0-01;10.0-01;1.0-01;3.0-01;4.0-05,직접매핑,,,
제16조. 정정권,정보주체는 부정확한 개인정보의 신속한 정정을 요구할 권리 및 불완전 정보 보완 권리를 가진다.,GDPR,5.0-01;5.0-02,직접매핑,,,
제17조. 삭제권('잊힐 권리'),정보주체는 지체 없는 삭제를 요구할 권리가 있고 컨트롤러는 목적 부재·동의 철회 등 사유 시 삭제 의무가 있다. 공개된 경우 관련 링크/사본 삭제 요청 고지 의무. 예외(표현의 자유·법적의무·공중보건·연구·법적권리) 존재.,GDPR,4.0-01;4.0-03;3.0-01,직접매핑,,,
제24조. 주제 및 목적(1항),컨트롤러는 위험·기술·비용·성격·범위·상황·목적을 고려해 적절한 기술·관리적 조치로 규정 준수를 보장·입증해야 한다.,GDPR,11.0-02;7.0-01;3.0-03;16.0-04,직접매핑,,,
제24조. 주제 및 목적(2항),필요 시 위 조치는 컨트롤러의 적절한 개인정보보호 정책 이행을 포함해야 한다.,GDPR,11.0-02;3.0-01,직접매핑,,,
제25조. 설계 및 기본설정에 의한 보호(1항),설계·처리 시점에 가명처리 등 조치를 이행하여 원칙을 효율적으로 구현하고 안전조치를 통합해야 한다.,GDPR,16.0-02;11.0-02;11.0-03;2.0-01;3.0-01,직접매핑,,,
제25조. 설계 및 기본설정에 의한 보호(2항),기본설정으로 필요한 개인정보만 처리되도록 수집량·처리 정도·보관기간·이용가능성을 최소화하고 기본적으로 공개되지 않도록 해야 한다.,GDPR,4.0-01;12.0-05;2.0-15;8.0-03,직접매핑,,,
제29조. 권한에 따른 처리,프로세서 등 개인정보 열람자는 법령 요구가 아닌 한 컨트롤러 지시에 따라서만 처리해야 한다.,GDPR,1.0-01;1.0-02;3.0-01,직접매핑,,,
제30조. 처리 활동의 기록(컨트롤러),컨트롤러는 처리활동 기록을 보존해야 하며 목적·범주·수령인·국외이전·삭제기한·보안조치 설명 등을 포함해야 한다.,GDPR,3.0-01;3.0-11;4.0-01;5.0-03,직접매핑,,,
제30조. 처리 활동의 기록(프로세서),프로세서는 대행 처리활동 기록을 보존하고 국외이전/안전조치 설명을 포함해야 한다.,GDPR,3.0-01;3.0-11;12.0-04,직접매핑,,,
제32조. 처리의 보안(1항),"가명·암호처리, 기밀성·무결성·가용성·복원력, 사고 시 복원, 보안조치의 정기 테스트/평가 절차 등 적정 보안수준 확보.",GDPR,2.0-01;2.0-16;9.0-01;9.0-02;9.0-03;7.0-03;3.0-04;3.0-01,직접매핑,,,
제32조. 처리의 보안(2항),보안 수준 평가 시 파기·유실·변경·무단 제공·열람 등의 위험을 고려해야 한다.,GDPR,7.0-01;7.0-02;3.0-08;3.0-07,직접매핑,,,
제32조. 처리의 보안(4항),권한에 따라 열람하는 모든 자연인은 법령 요구가 아닌 한 컨트롤러 지시 없이 처리하지 못하도록 해야 한다.,GDPR,1.0-01;1.0-02;1.0-06,직접매핑,,,
제82조. 보상 권리 및 책임(1·2항),"컨트롤러는 규정 침해로 초래된 피해에 책임을 지며, 프로세서는 지시 위반·의무 불이행 시 책임. 무과실 증명 시 면제.",GDPR,,해당없음,가능,"Incident/조치 이력 S3 보존, CloudTrail/Lake로 사고 타임라인 재구성","사고대응 절차·증빙 체계화, 계약상 책임 구분"
제83조. 행정 과태료 일반 조건,"과태료 부과 시 침해 성격·중대성·기간·피해 규모, 고의/과실, 피해완화 조치, 기술/관리 대책, 전력, 협력 수준, 데이터 범주, 통보 여부, 명령 준수, 행동강령/인증 준수, 재정 이익 등 고려.",GDPR,,해당없음,가능,"Security Hub 규정준수 리포트, CloudTrail로 통보/대응 이력, Config 규정 위반 이력",위반지표 대시보드화·시정조치 추적
제87조. 국가 식별번호의 처리,회원국은 국가 식별번호 등 식별자 처리에 추가 조건을 둘 수 있으며 적절한 안전조치 하에서만 활용.,GDPR,2.0-16;2.0-01;1.0-01;3.0-01,직접매핑,,,
제88조. 고용 환경에서의 처리,직장 모니터링 등에서 투명성·데이터 이전·정보주체 권리 보호를 위한 적절하고 구체적 대책 포함. -> 직원들의 개인정보에 대해서도 고려해야 하는가?,GDPR,1.0-01;3.0-01;2.0-01;7.0-01,직접매핑,,,
제89조. 연구·통계 목적 안전조치(1항),공익적 기록보존/과학·역사 연구/통계 목적 처리는 적정 안전조치를 적용해야 하며 데이터 최소화·(가)명처리를 포함할 수 있다. 식별 불가 추가 처리가 가능하면 그렇게 해야 한다.,GDPR,11.0-03;4.0-01;5.0-03;2.0-01,직접매핑,,,
제89조. 연구·통계 목적 권리 일부 제외(2항),연구/통계 목적의 처리는 특정 목적 달성이 불가능·중대 손상 우려 시 제15·16·18·21조 권리를 법에 따라 일부 제외 가능.,GDPR,,해당없음,가능,"정책·법적 근거 문서 S3 보존, 접근요청/처리 이력 추적",권리행사 관리 및 예외 근거 기록화
제89조. 다른 목적과 동시 처리 시 적용(3항),동시에 다른 목적이 있으면 권리 일부 제외는 연구/통계 목적 데이터 처리에만 적용되어야 한다.,GDPR,,해당없음,가능,"데이터셋 태깅·라인리지로 목적 구분(Athena/Glue), 접근정책 분리",목적별 데이터 분리·정책 분기 적용
제6조(인공지능시스템의 고위험 분류규칙),6.4 비고위험으로 판단한 제공자의 평가 기록 및 등록 의무,eu-ai-act,3.0-01;3.0-11;11.0-02;16.0-02,직접매핑,,,
제9조(위험관리시스템),9.2 위험관리시스템의 4단계 구성 요소,eu-ai-act,7.0-01;11.0-02;16.0-02,직접매핑,,,
제10조(데이터 및 데이터 거버넌스),10.1 고위험 AI 시스템의 훈련·검증·시험 데이터셋 품질기준 충족 의무,eu-ai-act,5.0-01;5.0-02;5.0-03;5.0-04,직접매핑,,,
제10조(데이터 및 데이터 거버넌스),10.2 8가지 데이터 거버넌스 관행 적용 의무,eu-ai-act,11.0-02;5.0-03;5.0-04;3.0-01,직접매핑,,,
제10조(데이터 및 데이터 거버넌스),"10.3 데이터셋의 관련성, 대표성, 오류 최소화, 완전성, 적절한 통계적 특성 보장 의무",eu-ai-act,5.0-01;5.0-02,직접매핑,,,
제10조(데이터 및 데이터 거버넌스),10.4 AI 시스템 사용 환경의 지리적·상황적·행태적·기능적 특성을 데이터셋에 반영 의무,eu-ai-act,5.0-01;5.0-03,직접매핑,,,
제10조(데이터 및 데이터 거버넌스),10.5 편향성 탐지·보정을 위한 특별범주 개인데이터 처리 시 6가지 조건 준수 의무,eu-ai-act,2.0-01;10.0-01;1.0-01;3.0-01;11.0-03,직접매핑,,,
제10조(데이터 및 데이터 거버넌스),10.6 비학습 고위험 AI 시스템의 경우 데이터 거버넌스 요구사항을 시험 데이터셋에만 적용,eu-ai-act,11.0-02;5.0-03,직접매핑,,,
제12조(기록 관리),12.1 고위험 AI 시스템의 생명주기 동안 사건 자동 기록(로그) 기능 구현 의무,eu-ai-act,3.0-01;3.0-11,직접매핑,,,
제12조(기록 관리),12.2 고위험 AI 시스템의 추적성 확보를 위한 3가지 사건 로깅 기능 의무,eu-ai-act,3.0-11;7.0-02,직접매핑,,,
제12조(기록 관리),12.3 고위험 AI 시스템의 4가지 필수 로깅 요소,eu-ai-act,3.0-11,직접매핑,,,
제14조(인적 감독),"14.4 인적 감독자의 5가지 역할 (시스템 이해·모니터링, 자동화 편향 인식, 산출물 해석, 사용 중단 결정, 시스템 개입·중단)",eu-ai-act,7.0-01;7.0-02;11.0-02,직접매핑,,,
제15조(정확성 / 견고성 및 사이버보안),"15.4 오류·결함·불일치에 대한 복원력, 기술적·조직적 조치, 백업·실패대비계획, 피드백 루프 완화 의무",eu-ai-act,9.0-01;9.0-02;9.0-03;7.0-03,직접매핑,,,
제15조(정확성 / 견고성 및 사이버보안),"15.5 무권한 제3자 공격에 대한 복원력, 데이터 오염·모델 오염·적대적 예제·기밀성 공격·모델 결함 대응 조치",eu-ai-act,7.0-02;6.0-04;2.0-01;2.0-15,직접매핑,,,
제16조(고위험 인공지능 시스템 제공자의 의무),16.1 고위험 AI 시스템 제공자의 12가지 의무사항,eu-ai-act,11.0-02;3.0-01;3.0-11;7.0-01;16.0-02;2.0-01;12.0-04,직접매핑,,,
제18조(문서 보관),18.3 금융기관 제공자의 금융서비스법 문서와 기술문서 통합 보관,eu-ai-act,3.0-01;3.0-11,직접매핑,,,
제19조(자동 생성 로그),19.1 제공자의 AI 시스템 자동 생성 로그 보관 의무,eu-ai-act,3.0-11,직접매핑,,,
제19조(자동 생성 로그),19.2 금융기관 제공자의 금융서비스법 문서와 AI 시스템 로그 통합 보관,eu-ai-act,3.0-01;3.0-11,직접매핑,,,
제20조(시정조치 및 정보 의무),20.1 제공자의 규정 미준수 판단시 즉시 시정조치 의무 및 관련 당사자 통지,eu-ai-act,7.0-01;7.0-03;3.0-01,직접매핑,,,
제20조(시정조치 및 정보 의무),20.2 위험 발생시 배포자와 협력한 원인 조사 및 시장감시기관·인증기관 통지 의무,eu-ai-act,7.0-01;3.0-01,직접매핑,,,
제21조(관할기관과의 협력),21.1 적합성 증명을 위한 모든 정보 및 문서 제공 의무,eu-ai-act,3.0-01;3.0-11,직접매핑,,,
제21조(관할기관과의 협력),21.2 관할기관의 합리적 요청시 제공자 관리 범위 내 자동 생성 로그 접근 제공 의무,eu-ai-act,3.0-11,직접매핑,,,
제26조(고위험 인공지능 시스템 배포자의 의무),26.4 배포자 관리 범위 내 입력 데이터의 관련성 및 충분한 대표성 보장 의무,eu-ai-act,5.0-01;5.0-02,직접매핑,,,
제26조(고위험 인공지능 시스템 배포자의 의무),"26.5 사용설명서 기반 시스템 운용 모니터링, 위험 발생시 제공자·당국 통지 및 사용 중단, 중대사건 보고 의무",eu-ai-act,7.0-01;7.0-02;3.0-01,직접매핑,,,
제26조(고위험 인공지능 시스템 배포자의 의무),26.6 배포자 관리 범위 내 자동 생성 로그의 적절한 기간 또는 최소 6개월 보관 의무,eu-ai-act,3.0-11,직접매핑,,,
제43조(적합성평가),43.4 실질적 수정시 재평가,eu-ai-act,16.0-02;11.0-02,직접매핑,,,
제51조(범용 인공지능 모델의 시스템적 위험이 있는 범용 인공지능 모델로의 분류),51.2 고영향력 추정 기준(훈련에 사용되는 누적 계산량이 10보다 클 때),eu-ai-act,11.0-02;7.0-01,직접매핑,,,
제53조(범용 인공지능 모델 제공자의 의무),53.1 제공자의 4가지 의무,eu-ai-act,11.0-02;3.0-01;3.0-11;12.0-04,직접매핑,,,
제55조(시스템적 위험이 있는 범용 인공지능 모델 제공자의 의무),55.1 제공자의 4가지 추가 의무,eu-ai-act,7.0-01;3.0-11;11.0-02;2.0-01,직접매핑,,,
제59조(인공지능 규제 샌드박스에서 공익을 위한 특정 인공지능 시스템 개발을 위한 개인데이터의 추가 처리),59.1 공익 목적 개인데이터 처리 조건,eu-ai-act,3.0-01;11.0-02;1.0-01;2.0-01,직접매핑,,,
제60조(인공지능 규제 샌드박스 외부의 실제 조건에서 고위험 인공지능 시스템 시험),60.5 동의 철회 및 데이터 삭제,eu-ai-act,4.0-01;4.0-03;3.0-01,직접매핑,,,
제72조(제공자의 시판 후 모니터링 및 고위험 인공지능 시스템에 대한 시판 후 모니터링 계획),72.2 데이터 수집·분석 및 지속적 준수 평가,eu-ai-act,7.0-01;3.0-03;3.0-11,직접매핑,,,
제74조(유럽연합 시장에서 인공지능 시스템의 시장 감시 및 통제),74.12 문서·데이터 접근권,eu-ai-act,3.0-01;3.0-11,직접매핑,,,
제74조(유럽연합 시장에서 인공지능 시스템의 시장 감시 및 통제),74.13 소스코드 접근 조건,eu-ai-act,16.0-01;4.0-02;3.0-01,직접매핑,,,
제77조(기본권 보호 기관의 권한),77.1 문서 접근 권한,eu-ai-act,3.000001,직접매핑,,,
GOVERN 1.5,위험 관리 프로세스와 그 결과는 지속적으로 모니터링·정기 검토되어야 하며 역할·책임이 명확해야 함(검토 주기 포함),nist-ai-rmf,7.0-01;11.0-02;3.0-01;16.0-02,직접매핑,,,
GOVERN 1.6,"AI 시스템을 식별·목록화하고, 조직의 위험 우선순위에 따라 자원을 배분할 수 있는 메커니즘이 마련되어야 함",nist-ai-rmf,5.0-03;11.0-02;7.0-01,직접매핑,,,
GOVERN 1.7,"AI 시스템을 안전하게 서비스 종료(phase-out)하거나 해체(decommission)할 수 있는 절차와 프로세스가 마련되어야 하며, 이는 새로운 위험을 증가시키거나 신뢰성을 저하시켜서는 안됨",nist-ai-rmf,4.0-01;4.0-02;11.0-02;9.0-07,직접매핑,,,
GOVERN 4.2,조직 팀은 설계·개발·배포·운영하는 AI의 위험과 잠재적 영향을 문서화하고 폭넓게 공유해야 함,nist-ai-rmf,3.0-01;11.0-02;7.0-01,직접매핑,,,
MEASURE 1.1,"MAP 기능에서 나열된 AI 위험을 측정하기 위한 접근 방식과 지표가 선택되어야 하며, 가장 중요한 위험부터 시작해야 함. 측정할 수 없거나 측정하지 않는 위험은 적절히 문서화되어야 함.",nist-ai-rmf,7.0-01;3.0-01;11.0-02,직접매핑,,,
MEASURE 1.2,AI 지표의 적절성과 기존 통제의 효과성은 오류 보고 및 영향을 받는 공동체에 대한 영향 평가를 포함하여 정기적으로 평가·갱신된다.,nist-ai-rmf,7.0-01;7.0-02;11.0-02,직접매핑,,,
MEASURE 2.2,"사람을 대상으로 하는 평가가 있을 경우, 관련 요구사항(인간 대상 보호 포함)을 충족하고 관련 모집단을 대표해야 한다.",nist-ai-rmf,11.0-02;5.0-01;5.0-02,직접매핑,,,
MEASURE 2.3,"AI 시스템 성능이나 보증 기준은 정성적·정량적으로 측정·시연되어야 함. 배포 조건과 유사한 환경에서 검증되어야 하며, 결과가 문서화되어야 함",nist-ai-rmf,16.0-02;7.0-01;3.0-01,직접매핑,,,
MEASURE 2.4,MAP 기능에서 확인된 AI 시스템 및 구성요소의 기능과 동작은 운영 환경에서 모니터링되어야 함,nist-ai-rmf,7.0-02;3.0-11,직접매핑,,,
MEASURE 2.5,배포될 AI 시스템은 유효하고 신뢰할 수 있음이 입증되어야 함. 기술이 개발된 조건을 넘어서는 일반화의 한계는 문서화되어야 함,nist-ai-rmf,16.0-02;3.0-01,직접매핑,,,
MEASURE 2.6,"MAP 기능에서 확인된 안전 위험에 대해 AI 시스템은 정기적으로 평가되어야 함. 배포될 시스템은 안전성이 입증되어야 하고, 잔여 위험은 위험 허용 수준을 넘지 않아야 하며, 특히 지식 한계를 벗어나 작동할 경우 안전하게 실패할 수 있어야 함. 안전 지표에는 신뢰성·강건성, 실시간 모니터링, AI 시스템 실패 대응 시간이 반영되어야 함",nist-ai-rmf,7.0-01;7.0-02;9.0-01;9.0-02;9.0-03,직접매핑,,,
MEASURE 2.8,MAP 기능에서 확인된 투명성과 책임성과 관련된 위험이 검토·문서화되어야 함,nist-ai-rmf,3.0-01;11.0-02,직접매핑,,,
MEASURE 2.10,MAP 기능에서 확인된 AI 시스템의 프라이버시 위험이 검토·문서화되어야 함,nist-ai-rmf,11.0-03;2.0-01;2.0-15,직접매핑,,,
MEASURE 2.11,MAP 기능에서 확인된 공정성과 편향이 평가되고 결과가 문서화되어야 함,nist-ai-rmf,5.0-01;5.0-02;11.0-02,직접매핑,,,
MEASURE 2.13,사용된 TEVV 지표와 프로세스의 효과성이 평가·문서화되어야 함,nist-ai-rmf,7.0-01;3.0-01,직접매핑,,,
MEASURE 4.3,관련 AI 행위자(영향을 받는 커뮤니티 포함)와의 협의 및 현장 데이터에 기반해 맥락 관련 위험과 신뢰성 특성에서 측정 가능한 성능 향상이나 저하가 식별되고 문서화되어야 함,nist-ai-rmf,11.0-02;3.0-01;7.0-01,직접매핑,,,
MANAGE 2.4,"의도된 사용과 일치하지 않는 성능이나 결과를 보이는 AI 시스템을 대체·분리·비활성화하기 위한 메커니즘이 마련·적용되어야 하며, 역할과 책임도 할당·이해되어야 함",nist-ai-rmf,7.0-03;9.0-01;9.0-02;11.0-02,직접매핑,,,
MANAGE 3.2,개발에 사용되는 사전 학습된 모델은 AI 시스템의 정기적 모니터링 및 유지 관리의 일부로 모니터링되어야 함,nist-ai-rmf,7.0-02;3.0-11;16.0-02,직접매핑,,,
MANAGE 4.1,"배포 이후 AI 시스템 모니터링 계획이 실행되어야 하며, 여기에는 사용자 및 관련 AI 행위자로부터 입력을 수집·평가하는 메커니즘, 이의 제기 및 무효화, 시스템 폐기, 사고 대응, 복구, 변경 관리가 포함되어야 함",nist-ai-rmf,7.0-01;7.0-02;9.0-01;9.0-03;16.0-02;4.0-01,직접매핑,,,
MANAGE 4.2,"지속적 개선을 위한 측정 가능한 활동은 AI 시스템 업데이트에 통합되어야 하며, 관련 AI 행위자를 포함한 이해관계자와의 정기적 협력을 포함해야 함",nist-ai-rmf,7.0-01;11.0-02;16.0-02,직접매핑,,,
8.1 운영 기획 및 통제,요구사항 충족 및 6장의 조치를 실행하기 위한 프로세스를 기획·구현·통제해야 한다.,iso-42001,11.0-02;7.0-01;16.0-02;3.0-01,직접매핑,,,
8.2 AI 위험 평가,계획된 간격 또는 주요 변경 시 위험 평가를 수행해야 한다.,iso-42001,7.0-01;11.0-02;16.0-02,직접매핑,,,
8.3 AI 위험 처리,위험 처리 계획을 실행·검증하고 필요시 재검토해야 한다.,iso-42001,7.0-01;16.0-02;3.0-01,직접매핑,,,
8.4 AI 시스템 영향 평가,계획된 간격 또는 주요 변경 시 영향 평가를 수행해야 한다.,iso-42001,11.0-03;7.0-01;16.0-02,직접매핑,,,
10.1 지속적 개선,적합성·충분성·효과성을 지속 개선해야 한다.,iso-42001,7.0-01;11.0-02;3.0-01,직접매핑,,,
10.2 부적합 및 시정조치,부적합 발생 시 대응·원인 분석·시정조치·효과 검토를 수행해야 한다.,iso-42001,7.0-03;9.0-03;3.0-01,직접매핑,,,
A.4.3 데이터 자원,AI 데이터 자원을 문서화해야 한다.,iso-42001,5.0-03;5.0-04;3.0-01,직접매핑,,,
A.6.2.8 이벤트 로그 기록,AI 시스템 운영 시 최소한 이벤트 로그를 기록해야 한다.,iso-42001,3.0-01;3.0-04;3.0-08,직접매핑,,,
A.7.5 데이터 출처,데이터 출처를 기록해야 한다.,iso-42001,5.0-03;5.0-04;3.0-01,직접매핑,,,
7.5.3 문서화된 정보의 관리,"ISMS 및 본 문서가 요구하는 문서화된 정보는 사용 시 적합성과 가용성을 보장하고, 손실·부적절 사용·무결성 손실로부터 보호되어야 한다. 조직은 배포·접근·검색·사용, 보관 및 가독성 유지, 변경 관리(버전 관리), 보존 및 폐기 등을 수행해야 한다. 외부 문서도 필요한 경우 식별·관리해야 한다.",iso-27001,3.0-01;4.0-01;4.0-02;4.0-04;16.0-02,직접매핑,,,
7.5.3 문서화된 정보의 관리,※ 접근은 단순 열람 권한부터 수정 권한까지 포함될 수 있다.,iso-27001,1.0-01;1.0-02;11.0-02,직접매핑,,,
8.2 정보보안 위험 평가,"조직은 계획된 간격마다 또는 중대한 변경이 제안·발생할 때 정보보안 위험 평가를 수행해야 하며, 6.1.2에서 설정된 기준을 고려해야 한다. 결과는 문서화된 정보로 유지해야 한다.",iso-27001,7.0-01;11.0-02;16.0-02,직접매핑,,,
8.3 정보보안 위험 처리,"조직은 정보보안 위험 처리 계획을 이행해야 하며, 결과를 문서화된 정보로 유지해야 한다.",iso-27001,7.0-01;16.0-02;3.0-01,직접매핑,,,
10.1 지속적 개선,조직은 ISMS의 적합성·충분성·효과성을 지속적으로 개선해야 한다.,iso-27001,7.0-01;11.0-02;3.0-01,직접매핑,,,
10.2 부적합 및 시정조치,"부적합 발생 시 조직은: a) 부적합에 대응(통제·수정, 결과 처리), b) 원인 제거 조치 필요성 평가(부적합 검토, 원인 규명, 유사 사례 확인), c) 필요한 조치 시행, d) 조치 효과 검토, e) 필요 시 ISMS 변경. 시정조치는 부적합 영향에 적절해야 한다. 부적합 및 후속 조치, 시정조치 결과는 문서화된 정보로 유지해야 한다.",iso-27001,7.0-03;9.0-03;3.0-01;16.0-02,직접매핑,,,
5.9 정보 및 관련 자산 목록,소유자 포함 정보 및 관련 자산의 목록을 개발·유지해야 한다.,iso-27001,5.0-03;5.0-04;11.0-01;3.0-01,직접매핑,,,
5.12 정보 분류,"정보는 기밀성, 무결성, 가용성 및 이해관계자 요구를 기반으로 분류되어야 한다.",iso-27001,12.0-05;11.0-03;8.0-03,직접매핑,,,
5.13 정보 라벨링,조직이 채택한 정보 분류 체계에 따라 적절한 정보 라벨링 절차를 개발·이행해야 한다.,iso-27001,12.0-05;11.0-03,직접매핑,,,
5.14 정보 전송,조직 내부 및 외부와의 모든 정보 전송에 대해 규칙·절차·계약을 마련해야 한다.,iso-27001,12.0-01;12.0-02;12.0-04;12.0-05,직접매핑,,,
5.15 접근 통제,비즈니스 및 정보보안 요구에 따라 물리적·논리적 접근 통제 규칙을 수립·이행해야 한다.,iso-27001,8.0-03;8.0-07;1.0-01,직접매핑,,,
5.18 접근 권한,"정보 및 관련 자산에 대한 접근 권한은 조직의 정책·규칙에 따라 부여, 검토, 변경 및 제거되어야 한다.",iso-27001,1.0-01;1.0-02;1.0-03,직접매핑,,,
5.23 클라우드 서비스 이용 시 정보보안,클라우드 서비스 획득·이용·관리·종료에 대한 프로세스를 조직의 정보보안 요구에 따라 수립해야 한다.,iso-27001,11.0-02;16.0-04;7.0-01,직접매핑,,,
5.33 기록 보호,기록은 손실·파괴·위조·무단 접근·무단 공개로부터 보호되어야 한다.,iso-27001,3.0-04;3.0-08;2.0-15;1.0-01,직접매핑,,,
5.34 개인정보 및 PII 보호,조직은 개인정보 및 PII 보호와 관련된 법규·계약 요구를 식별하고 이를 충족해야 한다.,iso-27001,11.0-03;12.0-05;4.0-01;3.0-11,직접매핑,,,
8.2 특권 접근 권한,특권 접근 권한의 할당·사용은 제한·관리되어야 한다.,iso-27001,1.0-01;1.0-06;8.0-03,직접매핑,,,
8.4 소스코드 접근,"소스코드, 개발 도구, 소프트웨어 라이브러리에 대한 접근은 적절히 관리되어야 한다.",iso-27001,16.0-01;10.0-01;8.0-03,직접매핑,,,
8.10 정보 삭제,불필요해진 정보는 시스템·장비·매체에서 삭제되어야 한다.,iso-27001,4.0-03;9.0-07;12.0-05,직접매핑,,,
8.11 데이터 마스킹,데이터 마스킹은 정책·요건·법규에 따라 사용되어야 한다.,iso-27001,12.0-05;11.0-03,직접매핑,,,
8.12 데이터 유출 방지,민감 정보를 처리·저장·전송하는 시스템·네트워크·장치에는 유출 방지 조치를 적용해야 한다.,iso-27001,12.0-05;8.0-03;8.0-05;7.0-02,직접매핑,,,
8.15 로깅,활동·예외·오류·이벤트를 기록하는 로그는 생성·저장·보호·분석되어야 한다.,iso-27001,3.0-01;3.0-04;3.0-08;7.0-02,직접매핑,,,
8.16 모니터링,네트워크·시스템·애플리케이션은 이상 행위를 모니터링하고 잠재적 사고를 평가하기 위한 적절한 조치를 취해야 한다.,iso-27001,7.0-02;7.0-04;3.0-11,직접매핑,,,
8.20 네트워크 보안,네트워크 및 장치는 정보 보호를 위해 보안·관리·통제되어야 한다.,iso-27001,8.0-01;8.0-05;8.0-07,직접매핑,,,
8.21 네트워크 서비스 보안,네트워크 서비스의 보안 메커니즘·서비스 수준·요구사항은 식별·이행·모니터링되어야 한다.,iso-27001,8.0-05;11.0-02;7.0-01,직접매핑,,,
8.24 암호화 사용,암호화 및 키 관리 사용 규칙은 정의·이행되어야 한다.,iso-27001,2.0-01;2.0-16;10.0-04,직접매핑,,,
8.31 개발·테스트·운영 환경 분리,"개발, 테스트, 운영 환경은 분리·보호되어야 한다.",iso-27001,11.0-01;11.0-02;8.0-03,직접매핑,,,
8.33 테스트 정보,테스트 정보는 적절히 선택·보호·관리되어야 한다.,iso-27001,11.0-03;4.0-05;12.0-05,직접매핑,,,
8.1.1 자산 목록,"정보 및 정보 처리 시설과 관련된 자산을 식별하고, 해당 자산의 목록을 작성하여 관리해야 한다.",iso-27017,5.0-03;5.0-04;11.0-01;3.0-01,직접매핑,,,
8.2.2 정보 라벨링,조직이 채택한 정보 분류 체계에 따라 정보 라벨링 절차를 수립하고 이행해야 한다.,iso-27017,12.0-05;11.0-03,직접매핑,,,
9.1.2 네트워크 및 네트워크 서비스 접근,사용자는 명시적으로 승인된 경우에만 네트워크 및 네트워크 서비스에 접근할 수 있어야 한다.,iso-27017,8.0-01;8.0-05;8.0-07,직접매핑,,,
9.2.4 사용자 비밀 인증정보 관리,비밀 인증정보의 할당은 공식적인 관리 프로세스를 통해 통제되어야 한다.,iso-27017,1.0-04;10.0-01;1.0-06,직접매핑,,,
9.4.1 정보 접근 제한,정보와 애플리케이션 시스템 기능에 대한 접근은 접근 통제 정책에 따라 제한되어야 한다.,iso-27017,8.0-03;11.0-02;1.0-01,직접매핑,,,
10.1.1 암호화 통제 사용 정책,정보 보호를 위한 암호화 통제 사용 정책을 수립하고 이행해야 한다.,iso-27017,2.0-01;2.0-15,직접매핑,,,
10.1.2 키 관리,"암호화 키의 사용, 보호 및 수명 주기 전반에 대한 정책을 수립하고 이행해야 한다.",iso-27017,2.0-16;10.0-04,직접매핑,,,
11.2.7 장비의 안전한 폐기 또는 재사용,저장 매체가 포함된 모든 장비는 폐기 또는 재사용 전에 민감 데이터 및 라이선스 소프트웨어가 제거되었거나 안전하게 덮어쓰기 되었음을 확인해야 한다.,iso-27017,4.0-03;9.0-07,직접매핑,,,
12.1.2 변경 관리,"조직, 비즈니스 프로세스, 정보 처리 시설 및 시스템에 대한 변경은 정보 보안에 영향을 미치므로 통제되어야 한다.",iso-27017,16.0-02;11.0-02;7.0-01,직접매핑,,,
12.3.1 정보 백업,"합의된 백업 정책에 따라 정보, 소프트웨어 및 시스템 이미지의 백업 사본을 정기적으로 생성하고 테스트해야 한다.",iso-27017,9.0-04;4.0-04,직접매핑,,,
12.4.1 이벤트 로깅,"사용자 활동, 예외, 오류 및 정보 보안 이벤트를 기록하는 이벤트 로그는 생성, 보관 및 정기적으로 검토되어야 한다.",iso-27017,3.0-01;3.0-04;7.0-02,직접매핑,,,
12.4.3 관리자 및 운영자 로그,"시스템 관리자 및 운영자의 활동은 기록되고, 로그는 보호 및 정기적으로 검토되어야 한다.",iso-27017,3.0-01;3.0-04;3.0-08,직접매핑,,,
13.1.3 네트워크 분리,"정보 서비스, 사용자 및 정보 시스템 그룹은 네트워크 상에서 분리되어야 한다.",iso-27017,8.0-07;8.0-05;11.0-01,직접매핑,,,
16.1.7 증거 수집,"증거로 활용될 수 있는 정보의 식별, 수집, 확보 및 보존을 위한 절차를 정의하고 적용해야 한다.",iso-27017,7.0-02;7.0-04;3.0-08,직접매핑,,,
18.1.3 기록 보호,"기록은 손실, 파괴, 위조, 무단 접근 및 무단 공개로부터 보호되어야 하며, 법규·규제·계약 및 비즈니스 요건을 준수해야 한다.",iso-27017,3.0-04;1.0-01;2.0-15;4.0-04,직접매핑,,,
18.1.5 암호화 통제 규제,"암호화 통제는 모든 관련 계약, 법규 및 규제를 준수하여 사용되어야 한다.",iso-27017,2.0-01;2.0-16;11.0-02,직접매핑,,,
CLD.8.1.5 클라우드 서비스 고객 자산 제거,"클라우드 서비스 제공자의 시설에 있는 클라우드 고객의 자산은 서비스 종료 시 신속히 제거되고, 필요한 경우 반환되어야 한다.",iso-27017,11.0-02;4.0-04;4.0-03,직접매핑,,,
CLD.9.5.1 가상 컴퓨팅 환경 분리,클라우드 서비스 고객의 가상 환경은 다른 클라우드 고객 및 무단 사용자로부터 보호되어야 한다.,iso-27017,8.0-01;8.0-05;8.0-07,직접매핑,,,
CLD.12.4.5 클라우드 서비스 모니터링,클라우드 서비스 고객은 자신이 사용하는 클라우드 서비스 운영의 특정 측면을 모니터링할 수 있는 기능을 보유해야 한다.,iso-27017,7.0-02;3.0-11;7.0-01,직접매핑,,,
CLD.13.1.4 가상 및 물리 네트워크 보안 관리 정합성,"가상 네트워크 구성 시, 가상 및 물리 네트워크 간 구성의 일관성은 클라우드 서비스 제공자의 네트워크 보안 정책에 기반해 검증되어야 한다.",iso-27017,8.0-05;11.0-02;7.0-01,직접매핑,,,
5.4.1.2 (6.1.2) 정보보호 위험 평가,"조직은 개인정보보호 관리체계의 범위 내에서 기밀성, 무결성 및 가용성 손실과 관련된 위험을 식별하기 위해 정보보호 위험 평가 프로세스를 적용해야 함. 또한 개인정보보호 관리체계 범위 내에서 개인식별정보(PII) 처리와 관련된 위험을 식별하기 위해 프라이버시 위험 평가 프로세스를 적용해야 함. 조직은 위험 평가 과정 전반에서 정보보호와 PII 보호 간의 관계가 적절히 관리되도록 보장해야 함. ※ 조직은 통합된 정보보호·프라이버시 위험 평가 프로세스를 적용할 수도 있고, 별도의 프로세스를 각각 적용할 수도 있음. 조직은 ISO/IEC 27001:2013, 6.1.2 c)에서 정의된 위험이 실제로 발생할 경우 조직과 PII 주체 모두에게 미칠 잠재적 결과를 평가해야 함.",iso-27701,7.0-01;6.0-04;11.0-02;5.0-02,직접매핑,,,
6.5.2.1 정보 분류,"조직의 정보 분류 체계는 반드시 PII(개인식별정보)를 명시적으로 포함해야 함. PII를 전체 분류 체계 안에서 고려하는 것은, 조직이 처리하는 PII의 종류와 특수 범주, 해당 PII가 어디에 저장되어 있는지, 그리고 어떤 시스템을 통해 흐르는지를 이해하는 데 핵심적임.",iso-27701,12.0-05;11.0-03;5.0-03;5.0-04,직접매핑,,,
6.6.2.1 사용자 등록 및 해지,"PII를 처리하는 시스템과 서비스를 관리·운영하는 사용자의 등록 및 해지 절차에는, 비밀번호 손상·유출이나 사용자 등록 데이터의 손상·노출로 인해 사용자 접근통제가 침해되는 상황을 포함해야 함. 조직은 PII를 처리하는 시스템과 서비스에 대해 비활성화되거나 만료된 사용자 ID를 다시 발급해서는 안됨. 조직이 PII 처리 서비스를 제공하는 경우, 사용자 ID 관리의 일부 또는 전부는 고객이 책임질 수 있으며, 이러한 경우 반드시 문서화된 정보에 포함해야 함. 또한 일부 관할권에서는 PII 처리 시스템과 관련된 미사용 인증 자격 증명의 점검 주기를 명시적으로 요구함. 해당 지역에서 운영하는 조직은 이러한 요구사항을 반드시 준수해야 함.",iso-27701,1.0-01;1.0-02;1.0-04;3.0-01,직접매핑,,,
6.6.2.2 사용자 접근 권한 부여,"조직은 정보시스템과 그 안에 포함된 PII에 접근 권한이 부여된 사용자에 대해, 정확하고 최신의 사용자 프로필 기록을 유지해야 함. 이 프로필에는 사용자 ID를 포함하여, 승인된 접근을 보장하기 위해 필요한 기술적 통제를 구현하는 데 필요한 데이터가 포함됨. 개별 사용자 접근 ID를 구현하면, 적절히 구성된 시스템이 누가 PII에 접근했는지, 그리고 추가·삭제·변경을 어떤 작업을 했는지 식별할 수 있음. 이것은 조직을 보호할 뿐만 아니라, 사용자가 자신이 처리한 것과 처리하지 않은 것을 구분할 수 있게 해 사용자를 보호함. 조직이 PII 처리 서비스를 제공하는 경우, 고객이 접근 관리의 일부 또는 전부를 책임질 수 있음. 이 경우 조직은 고객에게 접근 관리 수행 수단(예: 접근 관리·종료 권한을 제공하는 관리자 권한)을 제공해야 하며, 이러한 사항은 반드시 문서화해야 함.",iso-27701,1.0-01;11.0-02;13.0-02;3.0-11,직접매핑,,,
6.7.1.1 암호화 통제 사용에 관한 정책,"일부 관할 지역에서는 건강정보, 주민등록번호, 여권번호, 운전면허번호 등 특정 유형의 PII를 보호하기 위해 암호화 사용을 의무화할 수 있음. 조직은 자신이 처리하는 PII를 보호하기 위해 어떤 상황에서 암호화를 사용하는지 고객에게 정보를 제공해야 함. 또한 고객이 자체적으로 암호화 보호를 적용할 수 있도록 지원하는 기능이 있을 경우, 이에 대한 정보도 고객에게 제공해야 함.",iso-27701,2.0-01;2.0-15;12.0-05,직접매핑,,,
6.8.2.7 장비의 안전한 폐기 또는 재사용,"조직은 저장 공간이 재할당될 때, 그 저장 공간에 이전에 존재하던 PII가 접근되지 않도록 보장해야 함. 정보시스템에 저장된 PII를 삭제할 때, 성능 문제로 인해 해당 PII를 명시적으로 완전히 삭제하는 것이 비현실적인 경우가 있을 수 있음. 이 경우, 다른 사용자가 해당 PII에 접근할 수 있는 위험이 발생하며, 이를 방지하기 위해 특정 기술적 조치가 필요함. 또한 보안 폐기나 재사용을 위해, PII를 포함할 수 있는 저장 매체가 있는 장비는 실제로 PII가 포함되어 있는 것처럼 취급해야 함.",iso-27701,4.0-03;9.0-07;2.0-15,직접매핑,,,
6.9.4.1 이벤트 로깅,"조직은 이벤트 로그를 검토하는 프로세스를 마련해야 하며, 이는 지속적이고 자동화된 모니터링·알림 시스템을 통해 수행하거나, 그렇지 못할 경우 문서화된 주기에 따라 수동으로 검토해야 함. 목적은 이상 행위 식별 및 대응 방안 제안임. 가능하다면 이벤트 로그에는 PII 접근이 기록되어야 하며, 다음이 포함되어야 함: - 누가(by whom) - 언제(when) - 어떤 정보주체(PII principal)의 PII에 접근했는지 - 어떤 변화(추가, 수정, 삭제)가 있었는지 여러 서비스 제공자가 관련 서비스 제공에 관여하는 경우, 이 지침을 이행하는 역할이 다양하거나 공유될 수 있으며, 이 역할은 문서화되고, 로그 접근에 관한 합의도 포함되어야 함. PII processor에 대한 구현 가이드: - 로그 정보를 고객에게 언제, 어떻게 제공할지에 대한 기준을 정의하고 고객에게 제공해야 함. - 조직이 고객에게 로그 접근 권한을 허용하는 경우, 고객은 자신의 활동 관련 로그만 접근 가능해야 함. - 다른 고객의 로그에 접근하거나 로그를 수정할 수 없어야 함.",iso-27701,3.0-01;3.0-04;3.0-11;7.0-02,직접매핑,,,
6.9.4.2 로그 정보 보호,"보안 모니터링 및 운영 진단 등을 위해 기록되는 로그 정보에는 PII(개인식별정보)가 포함될 수 있음. 따라서 로그 정보가 의도된 목적 외에는 사용되지 않도록 접근통제(ISO/IEC 27002:2013, 9.2.3 참조) 같은 조치를 마련해야 함. 또한 로그 정보는 보존 일정에 따라 삭제 또는 비식별화되도록, 가능하다면 자동화된 절차를 마련해야 함.",iso-27701,3.0-04;12.0-05;4.0-04;1.0-01,직접매핑,,,
6.11.1.2 공용 네트워크에서의 애플리케이션 서비스 보호,"조직은 신뢰할 수 없는 데이터 전송 네트워크를 통해 PII(개인식별정보)가 전송될 경우, 반드시 암호화된 상태로 전송되도록 보장해야 함. 신뢰할 수 없는 네트워크에는 공용 인터넷이나 조직의 운영 통제 범위 밖에 있는 기타 네트워크가 포함됨.",iso-27701,2.0-09;8.0-03;12.0-05,직접매핑,,,
6.11.3.1 테스트 데이터 보호,"PII(개인식별정보)는 테스트 목적으로 사용되어서는 안 되며, 그 대신 가짜 또는 합성(synthetic) PII를 사용해야 함. 테스트에서 PII 사용이 불가피한 경우, 운영 환경과 동일한 수준의 기술적·관리적 보호조치를 적용해 위험을 최소화해야 함. 만약 동일한 조치가 불가능하다면, 반드시 위험 평가를 수행하고 그 결과를 토대로 적절한 보완 통제를 선정해야 함.",iso-27701,11.0-03;12.0-05;4.0-05,직접매핑,,,
6.13.1.5 정보보호 사고 대응 /Controller,"PII가 포함된 event가 발생하면, 조직은 정보보안 사고 관리 프로세스의 일환으로 해당 event가 대응이 필요한 PII 침해에 해당하는지를 검토해야 함. 단순한 이벤트가 반드시 이러한 검토를 촉발하는 것은 아님. 정보보안 이벤트는 반드시 PII 또는 조직의 PII 저장 장비/시설에 대한 무단 접근이나 그 높은 가능성을 의미하지는 않음. 여기에 포함될 수 있는 것은 방화벽이나 엣지 서버에 대한 ping, 브로드캐스트 공격, 포트 스캔, 로그인 실패 시도, 서비스 거부(DoS) 공격, 패킷 스니핑 등이 있음. PII 침해가 발생했을 경우, 대응 절차에는 관련된 통지와 기록이 포함되어야 함. 일부 관할구역에서는 침해가 발생했을 때 감독 당국(supervisory authority)과 PII 정보주체에게 이를 통지해야 하는 경우를 정의하고 있음. 이러한 통지는 명확해야 하며, 요구될 수 있음. 통지에는 다음이 포함될 수 있음: - 추가 정보를 얻을 수 있는 연락처 - 침해의 내용과 그로 인한 가능한 결과 설명 - 사건에 관련된 개인 수 및 관련 기록 수를 포함한 침해의 설명 - 취해진 또는 계획된 조치 PII 침해가 발생했을 경우, 규제적·포렌식 목적의 보고를 위해 충분한 정보가 담긴 기록이 유지되어야 함. 기록에는 예를 들어 다음이 포함되어야 함: - 사건 설명 - 사건 기간 - 사건의 결과 - 보고자 이름 - 보고를 받은 사람 - 사건 해결을 위해 취해진 조치(담당자와 복구된 데이터 포함) - 사건이 PII의 불가용성, 손실, 공개, 변조를 초래했음을 나타내는 사실 침해 이후 기록에는 침해된 PII의 설명, 수행된 통지, 정보주체·규제 기관·고객에게 통지하기 위해 취해진 조치가 포함되어야 함.",iso-27701,7.0-01;7.0-03;3.0-01;3.0-04,직접매핑,,,
6.15.2.3 기술적 컴플라이언스 검토,"조직은 보안 정책 및 표준 준수 여부에 대한 기술적 검토의 일환으로, PII 처리와 관련된 도구와 구성요소를 검토하는 방법을 포함해야 함. 예를 들어 다음을 포함할 수 있음: - 지속적 모니터링을 통해 허용된 처리만 수행되고 있는지 확인 - 특정 침투 테스트나 취약점 테스트 수행 (예: 비식별화된 데이터셋을 “침입자 테스트”에 적용하여, 비식별화 방법이 조직의 요구사항을 충족하는지 검증)",iso-27701,6.0-04;7.0-02;11.0-02,직접매핑,,,
7.2.5 프라이버시 영향평가(PIA),"조직은 새로운 PII 처리나 기존 처리 변경이 계획될 때마다, 개인정보 영향 평가(PIA)의 필요성을 검토하고 적절히 수행해야 함. PII 처리는 정보주체에게 위험을 발생시키며, 이러한 위험은 PIA를 통해 평가되어야 함. 일부 관할권에서는 PIA를 반드시 수행해야 하는 상황을 규정하고 있으며, 그 기준에는 다음이 포함될 수 있음: - 법적 효과를 발생시키는 자동화된 의사결정 - 대규모 민감정보 처리 (예: 건강, 인종·민족, 정치적 의견, 종교·철학적 신념, 노동조합 가입, 유전자·생체정보 등) - 대규모 공공장소 모니터링 조직은 PIA 수행에 필요한 요소를 결정해야 하며, 여기에는 처리되는 PII의 유형 목록, 저장 위치, 전송 위치가 포함될 수 있음. 또한 데이터 흐름도와 데이터 맵은 이 맥락에서 유용하게 활용될 수 있음(7.2.8 참조).",iso-27701,11.0-02;5.0-03;5.0-04;3.0-01,직접매핑,,,
7.2.8 PII 처리 관련 기록,"조직은 PII 처리와 관련된 의무를 이행하기 위해 필요한 기록을 결정하고 안전하게 보존해야 함. PII 처리 기록을 유지하는 방법의 하나는 조직이 수행하는 PII 처리 활동에 대한 목록 또는 인벤토리를 보관하는 것임. 이 인벤토리에는 다음과 같은 항목이 포함될 수 있음: - 처리의 유형 - 처리 목적 - PII 및 PII 정보주체(예: 아동)의 범주 설명 - PII가 공개되었거나 공개될 수 있는 수신자 범주(제3국이나 국제기구 수신자 포함) - 기술적·조직적 보안 조치의 일반 설명 - 개인정보 영향평가(PIA) 보고서 또한, 이 인벤토리에는 정확성과 완전성을 보장할 책임자(owner)가 있어야 함.",iso-27701,3.0-01;4.0-04;11.0-02,직접매핑,,,
7.3.1 PII 정보주체에 대한 의무 식별 및 이행,"조직은 PII 정보주체의 PII 처리와 관련된 법적, 규제적, 비즈니스적 의무를 결정하고 문서화하며, 이를 이행할 수 있는 수단을 제공해야 함. 이러한 의무와 수단은 관할권마다 다를 수 있으므로, 조직은 이를 정보주체가 쉽게 접근 가능하고 적시에 이용할 수 있도록 보장해야 함. 또한, 조직은 자신들의 의무가 어느 범위까지, 어떤 방식으로 이행되는지를 명확히 문서화해 정보주체에게 제공해야 함. 이와 함께 정보주체가 요청을 제기할 수 있는 최신의 연락 창구를 제공해야 하며, 이는 PII 수집 또는 동의 획득 방식(예: 이메일, 웹사이트)과 동일해야 함.",iso-27701,3.0-01;11.0-02;12.0-01,직접매핑,,,
7.3.6 접근·정정·삭제 제공,"조직은 PII 정보주체가 자신의 PII에 대해 접근·정정·삭제를 요청할 수 있도록 정책, 절차 및/또는 메커니즘을 구현해야 함. 조직은 요청을 받은 경우 부당한 지연 없이 처리해야 하며, 응답 시간을 정의하고 이에 따라 요청을 처리해야 함. 정정·삭제는 시스템 전반 및 승인된 사용자에게 반영되어야 하며, PII가 전달된 제3자에게도 전파되어야 함(7.3.7 참조). 또한, 데이터 정확성이나 정정 여부에 대한 분쟁이 발생할 경우를 위한 정책·절차도 마련해야 함. 정정이 불가능한 경우에는 그 이유를 정보주체에게 고지해야 함. 일부 관할권은 접근·정정·삭제 요청의 시기와 방법에 제한을 두므로, 조직은 이를 파악하고 최신 상태로 유지해야 함.",iso-27701,3.0-01;4.0-01;4.0-03;5.0-02,직접매핑,,,
7.3.8 처리된 PII 사본 제공,"조직은 정보주체(PII Principal)가 요청할 경우, 그 사람의 PII 사본을 제공할 수 있어야 함. 제공되는 사본은 구조화된 형식(예: CSV, JSON 등)으로, 일반적으로 많이 쓰이고 정보주체가 접근 가능한 형태여야 함. 일부 국가에서는, 제공되는 사본이 이식성(Portability)을 보장해야 한다고 규정함. 즉, 정보주체 본인이나 다른 컨트롤러(조직)에게 기계가 읽을 수 있는 형식으로 바로 이전할 수 있어야 한다는 의미임. 제공하는 사본은 반드시 해당 정보주체와 직접 관련된 데이터여야 함. 만약 요청된 데이터가 이미 보존·삭제 정책에 따라 삭제된 경우, 컨트롤러는 정보주체에게 “이미 삭제되었다”는 사실을 알려야 함. 데이터가 이미 비식별화되어 더 이상 개인을 특정할 수 없다면, 이 규정을 이행하기 위해 억지로 재식별을 시도해서는 안됨. 다만, 일부 국가에서는 정당한 요청 시 정보주체로부터 추가 정보를 받아 재식별을 허용하기도 함. 기술적으로 가능하다면, 정보주체 요청에 따라 조직 간 데이터 직접 전송(A사 → B사)도 가능해야 함.",iso-27701,3.0-01;12.0-01;4.0-04,직접매핑,,,
7.4.3 정확성과 품질 보장,"조직은 PII가 처리 목적에 필요한 만큼 정확하고, 완전하며, 최신 상태로 유지되도록 보장하고 이를 문서화해야 함. 이는 PII의 전체 생명주기(lifecycle) 동안 적용되어야 함. 조직은 자신이 처리하는 PII의 부정확성을 최소화하기 위한 정책, 절차, 메커니즘을 구현해야 함. 또한 부정확한 PII가 발견될 경우 이를 대응·수정하기 위한 정책, 절차, 메커니즘도 마련해야 함. 이러한 정책·절차·메커니즘은 반드시 문서화된 정보(예: 시스템 기술 설정 등)로 포함되어야 하며, PII 생명주기 전체에 걸쳐 적용되어야 함.",iso-27701,5.0-01;5.0-02;3.0-01,직접매핑,,,
7.4.5 처리 종료 시 PII 비식별화 및 삭제,"조직은 수집 목적에 더 이상 필요하지 않은 PII에 대해서는 지체 없이: - 삭제하거나, - 식별 또는 재식별이 불가능한 형태로 변환해야 함. 조직은 더 이상 PII 처리가 예상되지 않을 경우, 이를 삭제할 수 있는 메커니즘을 갖추어야 함. 또는, 일부 비식별화 기법을 적용할 수 있는데, 이 경우에도 결과 데이터가 합리적으로 재식별될 수 없는 수준이어야 함.",iso-27701,4.0-01;4.0-02;4.0-03;12.0-05,직접매핑,,,
7.4.6 임시 파일,"조직은 PII 처리 과정에서 생성된 임시 파일이 문서화된 절차에 따라, 정해진 기간 내에 폐기(삭제 또는 파기)되도록 보장해야 함. 조직은 사용되지 않는 임시 파일이 정의된 기간 내에 삭제되었는지 정기적으로 점검해야 함. 정보시스템은 정상적인 동작 과정에서 임시 파일을 생성할 수 있는데, 예를 들어: - 파일 시스템 롤백 저널(journal) - 데이터베이스 업데이트 시 생성되는 임시 파일 - 애플리케이션 소프트웨어 실행 시 생성되는 임시 파일 임시 파일은 해당 작업이 완료되면 더 이상 필요하지 않지만, 어떤 경우에는 바로 삭제되지 못할 수도 있음. 이 파일들이 사용되는 기간은 항상 결정적이지 않으므로, “가비지 컬렉션(garbage collection)” 절차를 통해 해당 파일을 식별하고 마지막 사용 시점을 기준으로 유지 기간을 결정해야 함.",iso-27701,4.0-03;4.0-02;11.0-02,직접매핑,,,
7.4.7 보존 기간,"조직은 처리 목적에 필요한 기간을 초과하여 PII를 보관해서는 안 됨. 조직은 보관하는 정보에 대해 보관 기간(retention schedule)을 수립·유지해야 하며, 여기에는 “PII를 목적에 필요한 기간 이상 보관하지 않는다”는 원칙이 반영되어야 함. 보관 기간은 법적, 규제적, 비즈니스 요구사항을 모두 고려해야 함. 만약 이러한 요구사항이 서로 충돌한다면, 조직은 위험 평가를 기반으로 한 비즈니스 결정을 내려야 하며, 해당 결정은 반드시 보관 기간 문서에 기록되어야 함.",iso-27701,4.0-01;4.0-04;3.0-01,직접매핑,,,
7.4.9 PII 전송 통제,"조직은 데이터 전송 네트워크를 통해 전송되는 PII(예: 다른 조직으로 전송되는 경우)에 대해, 데이터가 의도된 수신자에게 안전하게 도달하도록 적절한 통제를 적용해야 함. PII 전송은 반드시 통제되어야 하며, 이를 위해 일반적으로 다음이 요구됨: - 전송 시스템에 인가된 사용자만 접근 가능하도록 보장, - 적절한 절차 준수(예: 감사 로그 유지)를 통해, - PII가 손상되거나 유출되지 않고 올바른 수신자에게 전송되도록 보장.",iso-27701,12.0-02;12.0-04;12.0-01;3.0-04,직접매핑,,,
8.2.2 조직의 목적,"조직은 고객을 대신하여 처리되는 PII가 반드시 고객의 문서화된 지침에 명시된 목적을 위해서만 처리되도록 보장해야 함. 조직과 고객 간 계약에는, 서비스의 목표와 기간이 포함되어야 하며, 이는 이에 국한되지 않음. 고객의 목적을 달성하기 위해, 조직이 고객의 명시적 지침 없이도 기술적 이유로 PII 처리 방법을 결정하는 것이 적절할 수 있음. 예: 네트워크나 처리 용량을 효율적으로 활용하기 위해, 특정 PII 주체의 특성에 따라 특정 처리 자원을 할당하는 경우. 조직은 고객이 목적 명세 및 제한 원칙 준수 여부를 검증할 수 있도록 허용해야 함. 이를 통해 조직 또는 하청업체가 고객의 문서화된 지침 외의 다른 목적으로 PII를 처리하지 않도록 보장함.",iso-27701,11.0-02;12.0-01;3.0-01,직접매핑,,,
8.3.1 PII 정보주체에 대한 의무,"조직은 고객이 PII 정보주체(PII principals)에 대한 의무를 준수할 수 있도록 수단을 제공해야 함. PII controller의 의무는 법률, 규제, 계약에 의해 정의될 수 있으며, 고객이 이러한 의무를 이행하기 위해 조직의 서비스를 활용하는 경우가 있음. 예를 들어, PII의 정정(correction)이나 삭제(deletion)을 적시에 수행하는 것이 해당됨. 고객이 정보 또는 기술적 조치를 조직에 의존해야 하는 경우, 이러한 정보나 기술적 조치가 계약에 명시되어야 함.",iso-27701,3.0-01;4.0-03;12.0-01,직접매핑,,,
8.4.1 임시 파일,"조직은 PII 처리 과정에서 생성된 임시 파일이 문서화된 절차에 따라, 지정된 기간 내에 삭제 또는 파기되도록 보장해야 함. 조직은 사용되지 않는 임시 파일이 정해진 기간 내 삭제되었는지 주기적으로 검증해야 함. 정보시스템은 일반적인 운영 과정에서 임시 파일을 생성할 수 있음. 이러한 파일은 시스템이나 애플리케이션에 따라 다르지만, 예를 들어 파일 시스템 롤백 저널(file system roll-back journals), 데이터베이스 업데이트 시 생성되는 임시 파일, 기타 애플리케이션 소프트웨어의 실행 과정에서 생성되는 임시 파일 등이 포함될 수 있음. 임시 파일은 관련 정보처리 작업이 완료되면 필요하지 않지만, 일부 상황에서는 삭제되지 못할 수도 있음. 이러한 파일이 사용되는 기간은 항상 예측 가능한 것은 아니므로, “가비지 컬렉션(garbage collection)” 절차를 통해 해당 파일을 식별하고 마지막 사용 시점 이후 얼마나 시간이 흘렀는지 확인해야 함.",iso-27701,4.0-03;4.0-02,직접매핑,,,
8.4.2 PII 반환 / 이전 또는 폐기,"조직은 PII의 반환(return), 이전(transfer), 폐기(disposal)를 안전한 방식으로 수행할 수 있는 능력을 제공해야 하며, 이와 관련된 정책을 고객에게 공개해야 함. 일정 시점이 되면 PII는 반드시 어떤 형태로든 폐기되어야 함. 이 과정에는 다음이 포함될 수 있음: - 고객에게 PII를 반환 - 다른 조직이나 PII 컨트롤러(예: 합병 결과)에게 이전 - 삭제 또는 파기 - 비식별화 - 아카이빙 PII의 반환·이전·폐기 기능은 안전한 방식으로 관리되어야 함. 조직은 고객이 계약 하에 처리된 PII가 더 이상 필요하지 않을 때, 이를 저장된 모든 위치(백업 및 비즈니스 연속성 목적 포함)에서 삭제되도록 보장할 수 있어야 함. 또한 조직은 PII 폐기와 관련된 정책을 수립·이행하고, 고객이 요청하면 이 정책을 공개해야 함. 정책은 계약 종료 후 폐기 전까지의 보존 기간(retention period)을 포함해야 하며, 이는 계약의 실수나 누락으로 인해 고객이 PII를 잃지 않도록 보호하기 위함.",iso-27701,4.0-01;4.0-04;4.0-03;12.0-04,직접매핑,,,
8.4.3 PII 전송 통제,"조직은 데이터 전송 네트워크를 통해 전달되는 PII가 의도된 수신자에게 도달하도록 보장하기 위해 적절한 통제를 적용해야 함. PII 전송은 다음을 통해 통제되어야 함: - 전송 시스템에 접근할 수 있는 권한 있는 사용자만 허용 - 적절한 절차 준수 (예: 감사 로그 보존 포함) - PII가 손상 없이 정확한 수신자에게 도달하도록 보장 이러한 전송 통제 요건은 PII 처리자와 고객 간의 계약에 포함될 수 있음. 만약 계약상 전송 관련 요구사항이 없는 경우, 전송 전에 고객으로부터 지침을 받는 것이 적절할 수 있음.",iso-27701,12.0-02;12.0-01;3.0-04,직접매핑,,,
1.1 조직 통제 (Organizational Controls) 변경 사항은 사용자에게 통보됨,"애플리케이션 기능, 성능 및 서비스 약속에 영향을 미칠 수 있는 변경 사항은 릴리스 노트 또는 구독자 알림을 통해 외부 및 내부 사용자에게 전달된다.",soc2,12.0-02;12.0-01,직접매핑,,,
1.1 조직 통제 (Organizational Controls) 내부 통제 검토,"조직은 Anecdotes 컴플라이언스 플랫폼을 사용하여 내부 통제를 문서화하고 그 효과를 지속적으로 모니터링한다. 내부 통제, 프로세스 및 정책의 효과성과 효율성은 최소 연 1회 경영진이 검토하며, 식별된 결함은 신속히 개선된다.",soc2,7.0-01;7.0-02,직접매핑,,,
1.5 모니터링 (Monitoring) 이벤트 로깅,"애플리케이션 및/또는 인프라 계층에서 다음 이벤트를 모니터링하기 위해 로깅이 활성화된다: 로그인 시도, 데이터 삭제, 오류, 설정 변경, 시스템/구성/콘텐츠 파일 변경. 로그는 모니터링되며 중요 이슈는 조사·해결된다.",soc2,3.0-01;3.0-04,직접매핑,,,
1.5 모니터링 (Monitoring) 로그 접근 제한,로그 구성을 수정 및 변경할 수 있는 권한은 직무 책임에 따라 적절한 인원으로 제한된다.,soc2,1.0-01;3.0-04,직접매핑,,,
1.5 모니터링 (Monitoring) 시스템 모니터링,"모니터링 도구로 가용성, 처리 용량 및 성능을 지속 모니터링하고 임계값 도달 시 경보한다. 식별된 문제는 조사·해결된다.",soc2,3.0-01;7.0-02,직접매핑,,,
1.6 접근 통제 (Access Control) 인프라 접근 제한,클라우드/서버/DB에 대한 관리자 권한 접근은 직무 책임에 따라 승인된 사용자로 제한된다.,soc2,1.0-01;1.0-02;13.0-02,직접매핑,,,
1.6 접근 통제 (Access Control) 퇴직 직원의 접근 권한 철회,"운영 시스템 접근은 퇴직 시 신속히 제거되며, 자산은 반환된다.",soc2,1.0-04;1.0-02,직접매핑,,,
1.6 접근 통제 (Access Control) 고객 데이터 분리,시스템은 고객간 데이터가 격리되도록 구성되어 각 고객은 자신의 환경만 접근한다.,soc2,11.0-03;12.0-05;9.0-07,직접매핑,,,
1.6 접근 통제 (Access Control) 다중 인증(MFA) 적용,운영 시스템 관리자 계정에는 MFA가 적용된다.,soc2,1.0-02;1.0-05,직접매핑,,,
1.6 접근 통제 (Access Control) SDLC 내 직무 분리,"소스 코드, 빌드, 배포, 개발 관리 및 커뮤니케이션 툴 접근은 승인자에게만 부여된다.",soc2,6.0-04;11.0-02,직접매핑,,,
1.8 시스템 운영 (System Operations) 백업 및 복구 시험 및 모니터링,DB 전체 백업은 매일 수행·오프사이트 복제된다. 실패 모니터링 및 연1회 복원 테스트로 무결성을 확인하고 이슈는 개선한다.,soc2,4.0-04;12.0-04,직접매핑,,,
1.8 시스템 운영 (System Operations) 암호화 키 관리,저장·전송 보호용 암호화 키는 정책에 따라 저장·관리되며 접근은 제한된다.,soc2,2.0-15;2.0-01,직접매핑,,,
1.8 시스템 운영 (System Operations) 저장 데이터 암호화,고객 데이터는 저장 및 백업 시 강력한 암호화로 보호된다.,soc2,2.0-15;12.0-05,직접매핑,,,
1.8 시스템 운영 (System Operations) 전송 데이터 암호화,TLS는 애플리케이션과 인터넷 간 송수신 데이터를 보호하는 데 사용된다.,soc2,2.0-09;12.0-01,직접매핑,,,
1.9 사고 대응 (Incident Response) 데이터 유출 관리,확인된 사고/유출은 문서화·해결되며 합리적 기간 내 영향 당사자와 규제기관에 통지된다.,soc2,7.0-03;3.0-01,직접매핑,,,
1.9 사고 대응 (Incident Response) 사고 관리 프로세스,"보안 및 서비스 약속 관련 사고는 기록·추적·통보되며 신속히 해결되고, 교훈은 절차에 반영된다.",soc2,7.0-03;3.0-01,직접매핑,,,
1.10 변경 관리 (Change Management) 변경 관리 승인,"변경은 운영과 분리된 환경에서 개발/테스트되고, 독립 인력의 테스트 후 운영 배포 전 검토된다.",soc2,6.0-01;6.0-02;12.0-02,직접매핑,,,
1.10 변경 관리 (Change Management) 변경 관리 프로세스,"코드·구성 변경은 계획, 설계, 테스트, 승인, 구현을 포함한 공식·문서화된 프로세스를 따른다.",soc2,6.0-01;6.0-02;6.0-04,직접매핑,,,
1.10 변경 관리 (Change Management) 코드 변경 문서화,버전관리·변경관리 도구로 운영 코드 변경이 모두 기록된다.,soc2,6.0-03;6.0-04;11.0-02,직접매핑,,,
1.10 변경 관리 (Change Management) 긴급 변경 프로세스,"긴급 변경은 정의된 절차를 따르며, 운영 적용 전 테스트되고 적용 후 공식 검토·승인된다.",soc2,6.0-02;6.0-03;7.0-01,직접매핑,,,
데이터의 목적 외 이용 및 제3자 제공으로 인한 법령·규제 위반,"모델 아티팩트, ML 메타데이터, 추론 로그에 포함된 개인정보가 팀·조직 내에서 불분명하게 공유되거나 외부 분석/클라우드 서비스로 제공될 때, 수령자가 원래 동의한 목적을 벗어나 재활용하거나 제3자에 재제공하면 개인정보 유출 및 책임 문제가 발생함.",SAGE-Threat,12.0-01;12.0-02;12.0-03;12.0-04;12.0-05;3.0-01;3.0-02;3.0-03;3.0-04;3.0-05;3.0-06;3.0-07;3.0-08;3.0-09;3.0-10;3.0-11;5.0-05,직접매핑,예,AWS 콘솔/CLI,로깅·감사·무결성 보호 활성화 / 데이터 품질·라인리지·카탈로그 강화 / 네트워크 경계 강화·사설 경로 사용
데이터 저장·전송 구간 암호화 미적용으로 인한 개인정보/민감정보/고유식별정보 평문 노출,"개인정보/민감정보가 암호화 없이 저장·전송·처리되어 유출될 수 있음. 이는 개인정보 도용로 이어질 수 있으며, Shadow data 내 포함 여부 점검을 비롯하여 데이터 암호화 준수 여부 점검 필요.",SAGE-Threat,12.0-01;12.0-02;12.0-03;12.0-04;12.0-05;2.0-01;2.0-02;2.0-03;2.0-04;2.0-05;2.0-06;2.0-07;2.0-08;2.0-09;2.0-10;2.0-11;2.0-12;2.0-13;2.0-14;2.0-15;2.0-16;5.0-05,직접매핑,예,AWS 콘솔/CLI,저장·전송 구간 암호화(SSE-KMS/HTTPS/TLS) 적용 / 데이터 품질·라인리지·카탈로그 강화 / 네트워크 경계 강화·사설 경로 사용
백업 데이터 평문 노출,백업 파일에 암호화·마스킹이 적용되지 않으면 분실·탈취 시 과거 데이터까지 포함한 대규모 유출이 발생함.,SAGE-Threat,11.0-03;13.0-01;13.0-02;13.0-03;13.0-04;2.0-01;2.0-02;2.0-03;2.0-04;2.0-05;2.0-06;2.0-07;2.0-08;2.0-09;2.0-10;2.0-11;2.0-12;2.0-13;2.0-14;2.0-15;2.0-16;4.0-01;4.0-02;4.0-03;4.0-04;4.0-07;9.0-01;9.0-03;9.0-04;9.0-05;9.0-06;9.0-07;code 4.0-06,직접매핑,예,AWS 콘솔/CLI,저장·전송 구간 암호화(SSE-KMS/HTTPS/TLS) 적용 / 보존·백업·파기 정책 자동화 / 환경 분리·테넌시 격리·마스킹
평문 노출 반복 발생,"동일 유형의 평문 노출 사고가 반복되면 조직의 보안 대응이 미흡하다는 신호가 되며, 동일 사고의 재발·확산 가능성이 커짐.",SAGE-Threat,2.0-01;2.0-02;2.0-03;2.0-04;2.0-05;2.0-06;2.0-07;2.0-08;2.0-09;2.0-10;2.0-11;2.0-12;2.0-13;2.0-14;2.0-15;2.0-16,직접매핑,예,AWS 콘솔/CLI,저장·전송 구간 암호화(SSE-KMS/HTTPS/TLS) 적용
내부자 과도한 권한 및 오남용,"내부 계정에 과도한 권한이 부여되어 의도적·비의도적 유출·변조가 가능한 취약점. 탐지·증거 확보가 어려워 장기 손해 유발 가능하기 때문에, 최소 권한과 감사 로그 필수.",SAGE-Threat,1.0-01;1.0-02;1.0-03;1.0-04;1.0-05;1.0-06;3.0-01;3.0-02;3.0-03;3.0-04;3.0-05;3.0-06;3.0-07;3.0-08;3.0-09;3.0-10;3.0-11;6.0-04;7.0-01;7.0-02;7.0-03;7.0-04;7.0-05;8.0-01,직접매핑,예,AWS 콘솔/CLI,최소권한·계정보호·SCP 적용 / 로깅·감사·무결성 보호 활성화 / 모델/컨테이너 무결성·버전 관리 / 보안 모니터링·탐지/알림 / 네트워크 경계 강화·사설 경로 사용
권한 없는 사용자 개인정보 열람,역할(Role)·권한 관리 미비로 본인이 접근할 필요가 없는 개인정보에 접근 가능해지면 내부 유출·오남용 위험 증가. RBAC/ABAC 적용 제안.,SAGE-Threat,1.0-01;1.0-02;1.0-03;1.0-04;1.0-05;1.0-06;8.0-01,직접매핑,예,AWS 콘솔/CLI,최소권한·계정보호·SCP 적용 / 네트워크 경계 강화·사설 경로 사용
암호키 권한 오남용으로 인한 복구 불능·서비스 중단,암호키나 비밀정보 접근 권한이 남용되면 복구 불가능한 상태(키 삭제·유출)나 서비스 중단을 초래할 수 있음. 키는 안전영역에 보관하고 접근·회전 정책 필요.,SAGE-Threat,1.0-01;1.0-02;1.0-03;1.0-04;1.0-05;1.0-06;10.0-01;10.0-02;10.0-04;2.0-16;4.0-01;4.0-02;4.0-03;4.0-04;4.0-07;8.0-01;9.0-01;9.0-03;9.0-04;9.0-05;9.0-06;9.0-07;code 4.0-06,직접매핑,예,AWS 콘솔/CLI,저장·전송 구간 암호화(SSE-KMS/HTTPS/TLS) 적용 / 최소권한·계정보호·SCP 적용 / 보존·백업·파기 정책 자동화 / 네트워크 경계 강화·사설 경로 사용
버킷 Public 노출,"클라우드 스토리지 버킷이 접근 통제 되지않고 공개 상태로 설정되어 외부에 공개된 상태로, 누구나 개인정보·민감정보를 조회·다운로드할 수 있는 상태가 됨.",SAGE-Threat,1.0-01;1.0-02;1.0-03;1.0-04;1.0-05;1.0-06;12.0-01;12.0-02;12.0-03;12.0-04;12.0-05;5.0-05;8.0-01;8.0-02;8.0-03;8.0-04;8.0-05;8.0-06;8.0-07;8.0-08;8.0-09,직접매핑,예,AWS 콘솔/CLI,최소권한·계정보호·SCP 적용 / 데이터 품질·라인리지·카탈로그 강화 / 네트워크 경계 강화·사설 경로 사용
DB·민감 시스템의 공인 IP 노출로 인한 외부 무단 접속 위험,"데이터베이스 등 민감 시스템이 공인 IP로 노출되면 외부 공격자가 무단으로 접속할 수 있음. → 사설망(IP) 사용, Bastion/VPN 경유 접속 필수/",SAGE-Threat,12.0-01;12.0-02;12.0-03;12.0-04;12.0-05;5.0-05;8.0-01;8.0-02;8.0-03;8.0-04;8.0-05;8.0-06;8.0-07;8.0-08;8.0-09,직접매핑,예,AWS 콘솔/CLI,데이터 품질·라인리지·카탈로그 강화 / 네트워크 경계 강화·사설 경로 사용
민감정보 외부 전송,"외부 API·네트워크로 민감정보가 전송되는 취약점으로, 전송 중 유출되면 추적·통제 어려움.",SAGE-Threat,12.0-01;12.0-02;12.0-03;12.0-04;12.0-05;5.0-05;8.0-01;8.0-02;8.0-03;8.0-04;8.0-05;8.0-06;8.0-07;8.0-08;8.0-09,직접매핑,예,AWS 콘솔/CLI,데이터 품질·라인리지·카탈로그 강화 / 네트워크 경계 강화·사설 경로 사용
인터넷 노출 통한 공격,"보안 패치·업데이트 미비 상태에서 인터넷에 직접 노출된 경우, 알려진 취약점 공격 위험이 높음. 패치 경로 검증을 통해 탐지·차단 가능.",SAGE-Threat,12.0-01;12.0-03;12.0-05;6.0-04;7.0-01;7.0-02;7.0-03;7.0-04;7.0-05;8.0-01;8.0-02;8.0-03;8.0-04;8.0-05;8.0-06;8.0-07;8.0-08;8.0-09,직접매핑,예,AWS 콘솔/CLI,모델/컨테이너 무결성·버전 관리 / 보안 모니터링·탐지/알림 / 네트워크 경계 강화·사설 경로 사용
SSE-KMS 미사용 저장,"S3 등 스토리지에 SSE-KMS 기반 서버측 암호화를 적용하지 않고, 애플리케이션 내부 키로만 암호화하거나 원본 데이터를 평문 저장할 경우 개인정보 유출 위험이 큼.",SAGE-Threat,2.0-01;2.0-02;2.0-03;2.0-04;2.0-05;2.0-06;2.0-07;2.0-08;2.0-09;2.0-10;2.0-11;2.0-12;2.0-13;2.0-14;2.0-15;2.0-16,직접매핑,예,AWS 콘솔/CLI,저장·전송 구간 암호화(SSE-KMS/HTTPS/TLS) 적용
만료 데이터 미파기+ @,사용 기한이 지난 개인정보가 계속 보관·사용되면 법 위반 사항임. 만료 시 자동 삭제·삭제 로그 수집·실패 건 알림 필요.,SAGE-Threat,3.0-01;3.0-02;3.0-03;3.0-04;3.0-05;3.0-06;3.0-07;3.0-08;3.0-09;3.0-10;3.0-11;4.0-01;4.0-02;4.0-03;4.0-04;4.0-07;9.0-01;9.0-03;9.0-04;9.0-05;9.0-06;9.0-07;code 4.0-06,직접매핑,예,AWS 콘솔/CLI,로깅·감사·무결성 보호 활성화 / 보존·백업·파기 정책 자동화
가명정보 장기 보관으로 인한 재식별 가능성 및 법적 리스크 증가,가명정보를 장기간 보관할수록 다른 데이터와 결합해 재식별될 가능성이 증가.,SAGE-Threat,11.0-03;13.0-01;13.0-02;13.0-03;13.0-04,직접매핑,예,AWS 콘솔/CLI,환경 분리·테넌시 격리·마스킹
처리기간 미설정으로 인한 데이터의 무제한 보관,개인정보 처리기간이 명시되지 않으면 무기한 보관으로 이어져 법적 리스크 발생 및 불필요한 데이터 노출 위험.,SAGE-Threat,,해당없음,아니오,-,정책·표준 수립 필요(해당 매핑 항목 없음)
개인정보의 의도치않은 파기 및 유실로 인한 데이터 확인 불가,정당한 접근권을 가진 정보주체가 접근해야 하는 개인정보가 잘못 삭제되어 서비스 불가·권리 침해로 이어짐.,SAGE-Threat,1.0-01;1.0-02;1.0-03;1.0-04;1.0-05;1.0-06;4.0-01;4.0-02;4.0-03;4.0-04;4.0-07;8.0-01;9.0-01;9.0-03;9.0-04;9.0-05;9.0-06;9.0-07;code 4.0-06,직접매핑,예,AWS 콘솔/CLI,최소권한·계정보호·SCP 적용 / 보존·백업·파기 정책 자동화 / 네트워크 경계 강화·사설 경로 사용
보관 목적 혼재,법적 의무 이행을 위한 보존 데이터와 단순 보관 데이터가 섞여 있으면 관리·감사가 어려움. 물리적·논리적 분리와 접근 로그 증빙 필요.,SAGE-Threat,1.0-01;1.0-02;1.0-03;1.0-04;1.0-05;1.0-06;3.0-01;3.0-02;3.0-03;3.0-04;3.0-05;3.0-06;3.0-07;3.0-08;3.0-09;3.0-10;3.0-11;4.0-01;4.0-02;4.0-03;4.0-04;4.0-07;8.0-01;9.0-01;9.0-03;9.0-04;9.0-05;9.0-06;9.0-07;code 4.0-06,직접매핑,예,AWS 콘솔/CLI,최소권한·계정보호·SCP 적용 / 로깅·감사·무결성 보호 활성화 / 보존·백업·파기 정책 자동화 / 네트워크 경계 강화·사설 경로 사용
장기 보관된 개인정보 침해로 인한 데이터 대량 유출 및 손실 위험,"보관 정책 미흡 시 장기간 쌓인 데이터가 침해될 경우 피해 규모 확대. 서비스 종료 시 완전 삭제, CSP 백업/스냅샷 스캔·검증 필요. 삭제 미흡·재식별 방치는 장기 리스크로 이어짐.",SAGE-Threat,4.0-01;4.0-02;4.0-03;4.0-04;4.0-07;9.0-01;9.0-03;9.0-04;9.0-05;9.0-06;9.0-07;code 4.0-06,직접매핑,예,AWS 콘솔/CLI,보존·백업·파기 정책 자동화
시험(테스트) 환경에서 운영데이터 사용으로 인한 정보 유출,DSPM이 데이터 이동-삭제 로그 증빙 제공 / DSPM이 접속기록 법적 보관 기간 준수 증빙 / DSPM이 이벤트 로그 분석 및 SIEM 연계로 증빙 제공 / 환경 분리-데이터 샘플링/가명처리 필수 / 테스트 데이터는 가명처리-마스킹 필수,SAGE-Threat,11.0-01;11.0-02;11.0-03;11.0-04;12.0-01;12.0-02;12.0-03;12.0-04;12.0-05;13.0-01;13.0-02;13.0-03;13.0-04;16.0-01;16.0-02;16.0-03;3.0-01;3.0-02;3.0-03;3.0-04;3.0-05;3.0-06;3.0-07;3.0-08;3.0-09;3.0-10;3.0-11;4.0-01;4.0-02;4.0-03;4.0-04;4.0-07;5.0-05;9.0-01;9.0-03;9.0-04;9.0-05;9.0-06;9.0-07;code 4.0-06,직접매핑,예,AWS 콘솔/CLI,로깅·감사·무결성 보호 활성화 / 보존·백업·파기 정책 자동화 / 데이터 품질·라인리지·카탈로그 강화 / 네트워크 경계 강화·사설 경로 사용 / 환경 분리·테넌시 격리·마스킹 / 변경관리/승인 기반 CI/CD
키 관리 미흡으로 인해 키가 유출·재사용되어 데이터 위변조 발생,키·시크릿 관리 부실로 키가 유출되면 데이터 복호화·서명·무결성 조작이 가능해져 데이터 위변조·무단복호화가 발생하는 취약점.,SAGE-Threat,10.0-01;10.0-02;10.0-04;2.0-16;3.0-01;3.0-02;3.0-03;3.0-04;3.0-05;3.0-06;3.0-07;3.0-08;3.0-09;3.0-10;3.0-11,직접매핑,예,AWS 콘솔/CLI,저장·전송 구간 암호화(SSE-KMS/HTTPS/TLS) 적용 / 로깅·감사·무결성 보호 활성화
대량 조회·다운로드 관리 미비로 인한 개인정보 유출,관리자가 대량 조회·다운로드를 제한·모니터링하지 않으면 개인정보가 한꺼번에 유출될 수 있음. 조회·다운로드 이벤트 로그 기록과 Shadow Data 탐지가 필요.,SAGE-Threat,3.0-01;3.0-02;3.0-03;3.0-04;3.0-05;3.0-06;3.0-07;3.0-08;3.0-09;3.0-10;3.0-11;6.0-04;7.0-01;7.0-02;7.0-03;7.0-04;7.0-05,직접매핑,예,AWS 콘솔/CLI,로깅·감사·무결성 보호 활성화 / 모델/컨테이너 무결성·버전 관리 / 보안 모니터링·탐지/알림
전송 중 오발송으로 인한 PII 유출,잘못된 수신자·API 엔드포인트로 전송되거나 인증·암호화 미비로 중간자·오전달로 PII가 유출되는 위험 발생,SAGE-Threat,12.0-01;12.0-02;12.0-03;12.0-04;12.0-05;2.0-01;2.0-02;2.0-03;2.0-04;2.0-05;2.0-06;2.0-07;2.0-08;2.0-09;2.0-10;2.0-11;2.0-12;2.0-13;2.0-14;2.0-15;2.0-16;5.0-05,직접매핑,예,AWS 콘솔/CLI,저장·전송 구간 암호화(SSE-KMS/HTTPS/TLS) 적용 / 데이터 품질·라인리지·카탈로그 강화 / 네트워크 경계 강화·사설 경로 사용
데이터 출처 불명확,수집 출처·계약·수집일·전처리 이력 미기록으로 출처 확인·책임 추적이 불가하여 품질·규정 위반 식별 어려움.,SAGE-Threat,5.0-01;5.0-02;5.0-03;5.0-04;5.0-05;5.0-06;5.0-07,직접매핑,예,AWS 콘솔/CLI,데이터 품질·라인리지·카탈로그 강화
처리 인벤토리 부정확으로 인한 통제·감사의 무력화,처리 목적·범주·수신자 기록이 불일치하면 라인리지·권한·보존·전송 통제가 깨져 감사·통제가 무력화됨.,SAGE-Threat,1.0-01;1.0-02;1.0-03;1.0-04;1.0-05;1.0-06;12.0-01;12.0-02;12.0-03;12.0-04;12.0-05;3.0-01;3.0-02;3.0-03;3.0-04;3.0-05;3.0-06;3.0-07;3.0-08;3.0-09;3.0-10;3.0-11;4.0-01;4.0-02;4.0-03;4.0-04;4.0-07;5.0-01;5.0-02;5.0-03;5.0-04;5.0-05;5.0-06;5.0-07;8.0-01;9.0-01;9.0-03;9.0-04;9.0-05;9.0-06;9.0-07;code 4.0-06,직접매핑,예,AWS 콘솔/CLI,최소권한·계정보호·SCP 적용 / 로깅·감사·무결성 보호 활성화 / 보존·백업·파기 정책 자동화 / 데이터 품질·라인리지·카탈로그 강화 / 네트워크 경계 강화·사설 경로 사용
데이터 계보 추적 불가,데이터가 어떻게 생성·변형·전달됐는지 추적 불가해 오류·유출 발생 원인 규명이 불가능함.,SAGE-Threat,,해당없음,아니오,-,정책·표준 수립 필요(해당 매핑 항목 없음)
동일 데이터 과도 재사용,동일 데이터가 지나치게 반복 활용되면 학습 왜곡·편향 발생.,SAGE-Threat,,해당없음,아니오,-,정책·표준 수립 필요(해당 매핑 항목 없음)
재학습에 부적절한 데이터 저장,재학습 과정에서 잘못된 데이터가 저장되면 모델 성능 악화·오류 학습 위험.,SAGE-Threat,,해당없음,아니오,-,정책·표준 수립 필요(해당 매핑 항목 없음)
데이터 갭 발생,현재 데이터와 과거 데이터 간 차이가 커지면 일관성·정합성 문제가 발생.,SAGE-Threat,5.0-01;5.0-02;5.0-03;5.0-04;5.0-05;5.0-06;5.0-07,직접매핑,예,AWS 콘솔/CLI,데이터 품질·라인리지·카탈로그 강화
비학습 시스템에 불필요한 데이터 보관·활용,학습용이 아닌 시스템에 PII가 잔존하면 권한 범위 밖으로 데이터가 유통·노출될 가능성이 높음.,SAGE-Threat,1.0-01;1.0-02;1.0-03;1.0-04;1.0-05;1.0-06;8.0-01,직접매핑,예,AWS 콘솔/CLI,최소권한·계정보호·SCP 적용 / 네트워크 경계 강화·사설 경로 사용
데이터 자산 현황 파악 불가,"자산 인벤토리·메타데이터 부재로 책임·통제 주체 파악 불가, 이로 인해 취약점 식별·대응이 불가능해짐.",SAGE-Threat,5.0-01;5.0-02;5.0-03;5.0-04;5.0-05;5.0-06;5.0-07,직접매핑,예,AWS 콘솔/CLI,데이터 품질·라인리지·카탈로그 강화
백업·복구 실패로 인한 데이터 손실,백업 실패·복구 테스트 미흡 시 장애·랜섬웨어 공격 이후 복구 불가능 상태가 발생.,SAGE-Threat,11.0-01;11.0-02;11.0-03;11.0-04;16.0-01;16.0-02;16.0-03;4.0-01;4.0-02;4.0-03;4.0-04;4.0-07;9.0-01;9.0-03;9.0-04;9.0-05;9.0-06;9.0-07;code 4.0-06,직접매핑,예,AWS 콘솔/CLI,보존·백업·파기 정책 자동화 / 환경 분리·테넌시 격리·마스킹 / 변경관리/승인 기반 CI/CD
Trigger 과다 호출로 인한 재학습 루프 폭주,과도한 재학습으로 Loop 폭주,SAGE-Threat,,해당없음,아니오,-,정책·표준 수립 필요(해당 매핑 항목 없음)
접근통제 부재로 모델·데이터·로그 열람 가능,모델·데이터·로그 접근이 통제되지 않으면 내부·외부 무단 열람으로 기밀성 훼손. RBAC 혹은 승인 절차 필수.,SAGE-Threat,1.0-01;1.0-02;1.0-03;1.0-04;1.0-05;1.0-06;12.0-01;12.0-02;12.0-03;12.0-04;12.0-05;16.0-01;16.0-02;16.0-03;16.0-05;3.0-01;3.0-02;3.0-03;3.0-04;3.0-05;3.0-06;3.0-07;3.0-08;3.0-09;3.0-10;3.0-11;5.0-05;8.0-01;8.0-02;8.0-03;8.0-04;8.0-05;8.0-06;8.0-07;8.0-08;8.0-09,직접매핑,예,AWS 콘솔/CLI,최소권한·계정보호·SCP 적용 / 로깅·감사·무결성 보호 활성화 / 데이터 품질·라인리지·카탈로그 강화 / 네트워크 경계 강화·사설 경로 사용 / 변경관리/승인 기반 CI/CD
필수 로그 누락·미생성·오류 발생,학습/운용 필수 로그가 누락되면 행위 추적·규제 이행·사고 원인 파악이 불가. 실시간 검증 및 자동 수집 지원하는 기능 필요.,SAGE-Threat,3.0-01;3.0-02;3.0-03;3.0-04;3.0-05;3.0-06;3.0-07;3.0-08;3.0-09;3.0-10;3.0-11,직접매핑,예,AWS 콘솔/CLI,로깅·감사·무결성 보호 활성화
로그 조기 삭제 또는 미삭제로 인한 보존기간 위반 -> 규제 위반 및법적 제재,로그가 조기에 삭제되거나 과다 보존되어 규제·프라이버시 문제 초래,SAGE-Threat,3.0-01;3.0-02;3.0-03;3.0-04;3.0-05;3.0-06;3.0-07;3.0-08;3.0-09;3.0-10;3.0-11;4.0-01;4.0-02;4.0-03;4.0-04;4.0-07;9.0-01;9.0-03;9.0-04;9.0-05;9.0-06;9.0-07;code 4.0-06,직접매핑,예,AWS 콘솔/CLI,로깅·감사·무결성 보호 활성화 / 보존·백업·파기 정책 자동화
DB에 불필요한 사용자 접근 허용으로 인한 민감정보 유출,"DB에 불필요한 사용자·응용프로그램 접근 허용 시 민감정보 유출 가능. IAM, SG 등을 통한 제한 필요",SAGE-Threat,1.0-01;1.0-02;1.0-03;1.0-04;1.0-05;1.0-06;12.0-01;3.0-01;3.0-02;3.0-03;3.0-04;3.0-05;3.0-06;3.0-07;3.0-08;3.0-09;3.0-10;3.0-11;8.0-01,직접매핑,예,AWS 콘솔/CLI,최소권한·계정보호·SCP 적용 / 로깅·감사·무결성 보호 활성화 / 네트워크 경계 강화·사설 경로 사용
로그 시각 불일치로 인한 사고 추적 불가,"시간 동기화 실패 시 사고 추적이 불가능하므로, 표준 시간 동기화 필요.",SAGE-Threat,3.0-01;3.0-02;3.0-03;3.0-04;3.0-05;3.0-06;3.0-07;3.0-08;3.0-09;3.0-10;3.0-11,직접매핑,예,AWS 콘솔/CLI,로깅·감사·무결성 보호 활성화
처리내용 기록 누락,가명정보 처리 목적·제공자 기록 누락 시 감사 추적 및 컴플라이언스 대응 불가.,SAGE-Threat,11.0-03;12.0-01;12.0-02;12.0-03;12.0-04;12.0-05;13.0-01;13.0-02;13.0-03;13.0-04;3.0-01;3.0-02;3.0-03;3.0-04;3.0-05;3.0-06;3.0-07;3.0-08;3.0-09;3.0-10;3.0-11;5.0-05,직접매핑,예,AWS 콘솔/CLI,로깅·감사·무결성 보호 활성화 / 데이터 품질·라인리지·카탈로그 강화 / 네트워크 경계 강화·사설 경로 사용 / 환경 분리·테넌시 격리·마스킹
학습 자원 기록 누락,Job 메타데이터·자원 사용량 미기록 시 책임·재현·안전성 검증이 불가능하여 고위험 분류 기준 위반.,SAGE-Threat,,해당없음,아니오,-,정책·표준 수립 필요(해당 매핑 항목 없음)
변경 추적 불가로 역추적·롤백 실패,"변경 이력·감사 로그 부재 시 악성/오류 변경의 주체·시점 추적 불가, 롤백 실패.",SAGE-Threat,16.0-01;16.0-02;16.0-03;16.0-05;3.0-01;3.0-02;3.0-03;3.0-04;3.0-05;3.0-06;3.0-07;3.0-08;3.0-09;3.0-10;3.0-11,직접매핑,예,AWS 콘솔/CLI,로깅·감사·무결성 보호 활성화 / 변경관리/승인 기반 CI/CD
모니터링 부재로 인한 탐지 공백으로 민감정보 유출,"모니터링 부족으로 이상 접근, 데이터 반출, 권한 오남용 등이 장기간 미탐지될 수 있음.",SAGE-Threat,1.0-01;1.0-02;1.0-03;1.0-04;1.0-05;1.0-06;6.0-04;7.0-01;7.0-02;7.0-03;7.0-04;7.0-05;8.0-01,직접매핑,예,AWS 콘솔/CLI,최소권한·계정보호·SCP 적용 / 모델/컨테이너 무결성·버전 관리 / 보안 모니터링·탐지/알림 / 네트워크 경계 강화·사설 경로 사용
이상행위 탐지 실패,접근·변경 로그 미검토 시 침해 징후를 놓침. 다중 사업자 환경은 로그 제공 범위 불명확 시 책임 소재가 모호.,SAGE-Threat,1.0-01;1.0-02;1.0-03;1.0-04;1.0-05;1.0-06;12.0-01;12.0-02;12.0-03;12.0-04;12.0-05;16.0-01;16.0-02;16.0-03;16.0-05;3.0-01;3.0-02;3.0-03;3.0-04;3.0-05;3.0-06;3.0-07;3.0-08;3.0-09;3.0-10;3.0-11;5.0-05;6.0-04;7.0-01;7.0-02;7.0-03;7.0-04;7.0-05;8.0-01,직접매핑,예,AWS 콘솔/CLI,최소권한·계정보호·SCP 적용 / 로깅·감사·무결성 보호 활성화 / 데이터 품질·라인리지·카탈로그 강화 / 모델/컨테이너 무결성·버전 관리 / 보안 모니터링·탐지/알림 / 네트워크 경계 강화·사설 경로 사용 / 변경관리/승인 기반 CI/CD
시간 동기화 불일치 장기화,시간 불일치가 장기화되면 감사·사고 분석 신뢰성 저하.,SAGE-Threat,3.0-01;3.0-02;3.0-03;3.0-04;3.0-05;3.0-06;3.0-07;3.0-08;3.0-09;3.0-10;3.0-11,직접매핑,예,AWS 콘솔/CLI,로깅·감사·무결성 보호 활성화
보안 설정 변경 시도 미탐지,보안 설정 변경이 탐지되지 않으면 무단 설정 변경·위험 노출.,SAGE-Threat,16.0-01;16.0-02;16.0-03;16.0-05;3.0-01;6.0-04;7.0-01;7.0-02;7.0-03;7.0-04;7.0-05,직접매핑,예,AWS 콘솔/CLI,로깅·감사·무결성 보호 활성화 / 모델/컨테이너 무결성·버전 관리 / 보안 모니터링·탐지/알림 / 변경관리/승인 기반 CI/CD
로깅 부재로 침해 미탐지,로그인 실패·삭제·에러·설정 변경 로그 미수집 시 사고 원인·주체 추적 불가.,SAGE-Threat,16.0-01;16.0-02;16.0-03;16.0-05;3.0-01;3.0-02;3.0-03;3.0-04;3.0-05;3.0-06;3.0-07;3.0-08;3.0-09;3.0-10;3.0-11;4.0-01;4.0-02;4.0-03;4.0-04;4.0-07;6.0-04;7.0-01;7.0-02;7.0-03;7.0-04;7.0-05;9.0-01;9.0-03;9.0-04;9.0-05;9.0-06;9.0-07;code 4.0-06,직접매핑,예,AWS 콘솔/CLI,로깅·감사·무결성 보호 활성화 / 보존·백업·파기 정책 자동화 / 모델/컨테이너 무결성·버전 관리 / 보안 모니터링·탐지/알림 / 변경관리/승인 기반 CI/CD
임계치 미정의로 인한 탐지·대응 지연,탐지 기준·임계치 미설정 시 위협 탐지 실패·대응 지연 발생.,SAGE-Threat,6.0-04;7.0-01;7.0-02;7.0-03;7.0-04;7.0-05,직접매핑,예,AWS 콘솔/CLI,모델/컨테이너 무결성·버전 관리 / 보안 모니터링·탐지/알림
모니터링 실패로 인한 위험 미탐지,자동 수집·분석·보고 체계 부재로 규정 준수 및 위험 관리에 실패할 수 있음,SAGE-Threat,6.0-04;7.0-01;7.0-02;7.0-03;7.0-04;7.0-05,직접매핑,예,AWS 콘솔/CLI,모델/컨테이너 무결성·버전 관리 / 보안 모니터링·탐지/알림
구형 모델/데이터가 잔존으로 인한 민감정보 유출 및 취약 모델 재사용 위험,취약 모델이나 만료 데이터가 남아 재사용되면 민감정보 유출·취약점 재노출 발생,SAGE-Threat,4.0-01;4.0-02;4.0-03;4.0-04;4.0-07;6.0-01;6.0-02;6.0-05;6.0-07;9.0-01;9.0-03;9.0-04;9.0-05;9.0-06;9.0-07;code 4.0-06,직접매핑,예,AWS 콘솔/CLI,보존·백업·파기 정책 자동화 / 모델/컨테이너 무결성·버전 관리
민감정보 라벨링 부재,민감 필드 태깅이 없으면 보호조치(접근 통제·암호화·파기)가 적용되지 않아 노출 위험.,SAGE-Threat,1.0-01;1.0-02;1.0-03;1.0-04;1.0-05;1.0-06;2.0-01;2.0-02;2.0-03;2.0-04;2.0-05;2.0-06;2.0-07;2.0-08;2.0-09;2.0-10;2.0-11;2.0-12;2.0-13;2.0-14;2.0-15;2.0-16;4.0-01;4.0-02;4.0-03;4.0-04;4.0-07;8.0-01;9.0-01;9.0-03;9.0-04;9.0-05;9.0-06;9.0-07;code 4.0-06,직접매핑,예,AWS 콘솔/CLI,저장·전송 구간 암호화(SSE-KMS/HTTPS/TLS) 적용 / 최소권한·계정보호·SCP 적용 / 보존·백업·파기 정책 자동화 / 네트워크 경계 강화·사설 경로 사용
컨테이너 무단 접근·데이터 변조·삭제로 인한 개인정보 손상,컨테이너 권한 통제가 부실해 데이터 유출·삭제·모델 변조 가능,SAGE-Threat,1.0-01;1.0-02;1.0-03;1.0-04;1.0-05;1.0-06;4.0-01;4.0-02;4.0-03;4.0-04;4.0-07;6.0-03;6.0-04;6.0-07;8.0-01;9.0-01;9.0-03;9.0-04;9.0-05;9.0-06;9.0-07;code 4.0-06,직접매핑,예,AWS 콘솔/CLI,최소권한·계정보호·SCP 적용 / 보존·백업·파기 정책 자동화 / 모델/컨테이너 무결성·버전 관리 / 네트워크 경계 강화·사설 경로 사용
민감정보 식별 불가로 인한 접근권한 오남용 및 데이터 유출,"데이터 분류·라벨링 부재로 권한 없는 사용자가 PII에 접근하여 데이터가 유출할 수 있으므로, 자동 분류·태깅·로그 모니터링 필요.",SAGE-Threat,1.0-01;1.0-02;1.0-03;1.0-04;1.0-05;1.0-06;3.0-01;3.0-02;3.0-03;3.0-04;3.0-05;3.0-06;3.0-07;3.0-08;3.0-09;3.0-10;3.0-11;6.0-04;7.0-01;7.0-02;7.0-03;7.0-04;7.0-05;8.0-01,직접매핑,예,AWS 콘솔/CLI,최소권한·계정보호·SCP 적용 / 로깅·감사·무결성 보호 활성화 / 모델/컨테이너 무결성·버전 관리 / 보안 모니터링·탐지/알림 / 네트워크 경계 강화·사설 경로 사용
개발 및 운영 권한 혼용,계정 분리 실패 시 개발자가 운영 데이터에 접근하여 실수·남용 발생. 환경별 계정 분리 필수.,SAGE-Threat,1.0-01;1.0-02;1.0-03;1.0-04;1.0-05;1.0-06;11.0-01;11.0-02;11.0-03;11.0-04;16.0-01;16.0-02;16.0-03;8.0-01,직접매핑,예,AWS 콘솔/CLI,최소권한·계정보호·SCP 적용 / 네트워크 경계 강화·사설 경로 사용 / 환경 분리·테넌시 격리·마스킹 / 변경관리/승인 기반 CI/CD
장기 미사용 계정 잔존,계정 철회 미흡으로 퇴사자·장기 미사용 계정이 남아 무단 접근 가능,SAGE-Threat,1.0-01;1.0-02;1.0-03;1.0-04;1.0-05;1.0-06;8.0-01,직접매핑,예,AWS 콘솔/CLI,최소권한·계정보호·SCP 적용 / 네트워크 경계 강화·사설 경로 사용
권한 변경 이력 미기록으로 인한 권한 오남용,권한 변경·부여·철회 이력이 없으면 내부자 오남용 및 무단 접근 추적 불가. 감사 로그 보관·주기적 검토 필요.,SAGE-Threat,1.0-01;1.0-02;1.0-03;1.0-04;1.0-05;1.0-06;16.0-01;16.0-02;16.0-03;16.0-05;3.0-01;3.0-02;3.0-03;3.0-04;3.0-05;3.0-06;3.0-07;3.0-08;3.0-09;3.0-10;3.0-11;8.0-01,직접매핑,예,AWS 콘솔/CLI,최소권한·계정보호·SCP 적용 / 로깅·감사·무결성 보호 활성화 / 네트워크 경계 강화·사설 경로 사용 / 변경관리/승인 기반 CI/CD
개인정보 무단 접근 및 장기보관,접근제어·보존기간 준수 실패로 데이터의 무단 접근 및 불필요한 장기 저장 발생,SAGE-Threat,1.0-01;1.0-02;1.0-03;1.0-04;1.0-05;1.0-06;4.0-01;4.0-02;4.0-03;4.0-04;4.0-07;8.0-01;9.0-01;9.0-03;9.0-04;9.0-05;9.0-06;9.0-07;code 4.0-06,직접매핑,예,AWS 콘솔/CLI,최소권한·계정보호·SCP 적용 / 보존·백업·파기 정책 자동화 / 네트워크 경계 강화·사설 경로 사용
코드 변경 추적 불가,Git 로그·릴리스 태그 등 변경 추적이 없으면 악성코드 삽입 혹은 오류 추적이 불가능함,SAGE-Threat,16.0-01;16.0-02;16.0-03;16.0-05;3.0-01;3.0-02;3.0-03;3.0-04;3.0-05;3.0-06;3.0-07;3.0-08;3.0-09;3.0-10;3.0-11,직접매핑,예,AWS 콘솔/CLI,로깅·감사·무결성 보호 활성화 / 변경관리/승인 기반 CI/CD
미승인 코드 배포,승인·검증 없는 코드·설정 배포는 취약점·버그를 바로 운영으로 유입시킴. 파이프라인 실행 기록·승인 증빙 필요.,SAGE-Threat,11.0-01;11.0-02;11.0-03;11.0-04;16.0-01;16.0-02;16.0-03;16.0-05;3.0-01,직접매핑,예,AWS 콘솔/CLI,로깅·감사·무결성 보호 활성화 / 환경 분리·테넌시 격리·마스킹 / 변경관리/승인 기반 CI/CD
연구·통계 목적 예외의 오용으로 인한 개인정보의 노출,"연구·통계 목적으로 허용된 데이터가 다른 운영·학습 목적으로 오용되면, 원래 보호되어야 할 개인정보(가명·익명화 대상)가 가명처리 없이 남아 유출 위험이 커짐.",SAGE-Threat,11.0-01;11.0-02;11.0-03;11.0-04;13.0-01;13.0-02;13.0-03;13.0-04;16.0-01;16.0-02;16.0-03,직접매핑,예,AWS 콘솔/CLI,환경 분리·테넌시 격리·마스킹 / 변경관리/승인 기반 CI/CD
로그 및 화면 내 개인정보/민감정보 평문 노출,"로그, 관리자 콘솔, 대시보드 등에 개인정보가 마스킹 없이 노출되면 내부자나 침입자가 쉽게 획득할 수 있고, 시스템 접근정보(아이디·토큰 등) 유출로 확장될 수 있음.",SAGE-Threat,1.0-01;1.0-02;1.0-03;1.0-04;1.0-05;1.0-06;10.0-01;10.0-02;10.0-04;11.0-03;13.0-01;13.0-02;13.0-03;13.0-04;2.0-01;2.0-02;2.0-03;2.0-04;2.0-05;2.0-06;2.0-07;2.0-08;2.0-09;2.0-10;2.0-11;2.0-12;2.0-13;2.0-14;2.0-15;2.0-16;3.0-01;3.0-02;3.0-03;3.0-04;3.0-05;3.0-06;3.0-07;3.0-08;3.0-09;3.0-10;3.0-11;8.0-01,직접매핑,예,AWS 콘솔/CLI,저장·전송 구간 암호화(SSE-KMS/HTTPS/TLS) 적용 / 최소권한·계정보호·SCP 적용 / 로깅·감사·무결성 보호 활성화 / 네트워크 경계 강화·사설 경로 사용 / 환경 분리·테넌시 격리·마스킹
비밀번호·API 토큰·암호키 평문 노출,"CI/CD 파이프라인, 설정파일, 저장소 등에 비밀번호·토큰·키가 평문으로 남아 있으면 한 번의 유출로 시스템 전체가 무력화될 수 있음.",SAGE-Threat,10.0-01;10.0-02;10.0-04;16.0-01;16.0-02;16.0-03;16.0-05;2.0-01;2.0-02;2.0-03;2.0-04;2.0-05;2.0-06;2.0-07;2.0-08;2.0-09;2.0-10;2.0-11;2.0-12;2.0-13;2.0-14;2.0-15;2.0-16;3.0-01,직접매핑,예,AWS 콘솔/CLI,저장·전송 구간 암호화(SSE-KMS/HTTPS/TLS) 적용 / 로깅·감사·무결성 보호 활성화 / 변경관리/승인 기반 CI/CD
저장소·시스템 평문 저장으로 인한 개인정보/기밀 대량 유출,"저장소(버킷, DB, 백업 등), 로그가 암호화·접근통제 없이 평문으로 보관되면 침해 시 대량의 개인정보·기밀이 한꺼번에 노출될 수 있음.",SAGE-Threat,1.0-01;1.0-02;1.0-03;1.0-04;1.0-05;1.0-06;12.0-01;2.0-01;2.0-02;2.0-03;2.0-04;2.0-05;2.0-06;2.0-07;2.0-08;2.0-09;2.0-10;2.0-11;2.0-12;2.0-13;2.0-14;2.0-15;2.0-16;3.0-01;3.0-02;3.0-03;3.0-04;3.0-05;3.0-06;3.0-07;3.0-08;3.0-09;3.0-10;3.0-11;4.0-01;4.0-02;4.0-03;4.0-04;4.0-07;8.0-01;9.0-01;9.0-03;9.0-04;9.0-05;9.0-06;9.0-07;code 4.0-06,직접매핑,예,AWS 콘솔/CLI,저장·전송 구간 암호화(SSE-KMS/HTTPS/TLS) 적용 / 최소권한·계정보호·SCP 적용 / 로깅·감사·무결성 보호 활성화 / 보존·백업·파기 정책 자동화 / 네트워크 경계 강화·사설 경로 사용
배포·변경 과정에서의 평문 민감정보 노출,배포(릴리즈) 또는 설정 변경 시 검토·정책 미비로 민감정보가 코드·이미지·설정에 포함되어 배포되면 운영 전체가 위험해짐(CI/CD 관점).,SAGE-Threat,11.0-01;11.0-02;11.0-03;11.0-04;16.0-01;16.0-02;16.0-03;16.0-05;2.0-01;2.0-02;2.0-03;2.0-04;2.0-05;2.0-06;2.0-07;2.0-08;2.0-09;2.0-10;2.0-11;2.0-12;2.0-13;2.0-14;2.0-15;2.0-16;3.0-01;6.0-03;6.0-04;6.0-07,직접매핑,예,AWS 콘솔/CLI,저장·전송 구간 암호화(SSE-KMS/HTTPS/TLS) 적용 / 로깅·감사·무결성 보호 활성화 / 모델/컨테이너 무결성·버전 관리 / 환경 분리·테넌시 격리·마스킹 / 변경관리/승인 기반 CI/CD
데이터 결합 시 식별 가능성 미확인,"기존 비식별 데이터가 신규 데이터와 결합되어 식별 가능성 발생 기존 비식별 데이터가 신규 데이터와 결합될 경우, 식별 가능성이 발생하여 재식별 위험이 커짐. 즉, 개인정보가 드러날 수 있음",SAGE-Threat,,해당없음,아니오,-,정책·표준 수립 필요(해당 매핑 항목 없음)
불완전한 가명처리,가명화 절차가 미흡해 원본 데이터와 결합 시 쉽게 재식별 가능한 취약점,SAGE-Threat,11.0-03;13.0-01;13.0-02;13.0-03;13.0-04,직접매핑,예,AWS 콘솔/CLI,환경 분리·테넌시 격리·마스킹
가명정보의 재식별 위험,"원본 데이터와 가명정보를 분리 보관하지 않거나 관리 부실 시, 학습·저장 과정에서 다른 데이터와 결합되어 재식별 가능성 증가. 분리 보관 및 접근통제 필수.",SAGE-Threat,1.0-01;1.0-02;1.0-03;1.0-04;1.0-05;1.0-06;11.0-03;13.0-01;13.0-02;13.0-03;13.0-04;8.0-01,직접매핑,예,AWS 콘솔/CLI,최소권한·계정보호·SCP 적용 / 네트워크 경계 강화·사설 경로 사용 / 환경 분리·테넌시 격리·마스킹
라벨링 과정에서 개인정보 유·노출,"HITL 파이프라인 등 라벨링 과정에서 개인정보·민감정보가 유출될 수 있음. 암호화·가명처리, 접근 제어, 로그 관리가 필수. 설계만이 아니라 Feature Store·Pipeline 단계에서 실제 실행돼야 함.",SAGE-Threat,1.0-01;1.0-02;1.0-03;1.0-04;1.0-05;1.0-06;11.0-03;13.0-01;13.0-02;13.0-03;13.0-04;16.0-01;16.0-02;16.0-03;16.0-05;2.0-01;2.0-02;2.0-03;2.0-04;2.0-05;2.0-06;2.0-07;2.0-08;2.0-09;2.0-10;2.0-11;2.0-12;2.0-13;2.0-14;2.0-15;2.0-16;3.0-01;3.0-02;3.0-03;3.0-04;3.0-05;3.0-06;3.0-07;3.0-08;3.0-09;3.0-10;3.0-11;5.0-01;5.0-02;5.0-03;5.0-04;5.0-05;5.0-06;5.0-07;8.0-01,직접매핑,예,AWS 콘솔/CLI,저장·전송 구간 암호화(SSE-KMS/HTTPS/TLS) 적용 / 최소권한·계정보호·SCP 적용 / 로깅·감사·무결성 보호 활성화 / 데이터 품질·라인리지·카탈로그 강화 / 네트워크 경계 강화·사설 경로 사용 / 환경 분리·테넌시 격리·마스킹 / 변경관리/승인 기반 CI/CD
중복 데이터 저장,동일 데이터가 여러 번 저장되어 관리 혼란 및 불필요한 자원 소모 발생.,SAGE-Threat,,해당없음,아니오,-,정책·표준 수립 필요(해당 매핑 항목 없음)
중복 지표 저장,동일 Metric이 중복 저장되면 분석 오류·모니터링 혼란 발생.,SAGE-Threat,5.0-01;5.0-02;5.0-03;5.0-04;5.0-05;5.0-06;5.0-07;6.0-04;7.0-01;7.0-02;7.0-03;7.0-04;7.0-05,직접매핑,예,AWS 콘솔/CLI,데이터 품질·라인리지·카탈로그 강화 / 모델/컨테이너 무결성·버전 관리 / 보안 모니터링·탐지/알림
컬럼명 불일치,스키마 정의와 실제 저장된 컬럼명이 달라 참조 오류가 발생할 수 있음.,SAGE-Threat,5.0-01;5.0-02;5.0-03;5.0-04;5.0-05;5.0-06;5.0-07,직접매핑,예,AWS 콘솔/CLI,데이터 품질·라인리지·카탈로그 강화
운영데이터 재사용 여부 미확인,운영 데이터가 재사용될 때 라벨링·가명처리 여부를 확인하지 않으면 개인정보 유출 위험이 증가.,SAGE-Threat,11.0-01;11.0-02;11.0-03;11.0-04;13.0-01;13.0-02;13.0-03;13.0-04;16.0-01;16.0-02;16.0-03,직접매핑,예,AWS 콘솔/CLI,환경 분리·테넌시 격리·마스킹 / 변경관리/승인 기반 CI/CD
불충분·왜곡된 데이터로 인한 예측 오류,입력 데이터의 대표성·정합성 결함이 모델 예측이 왜곡되고 품질 저하로 이어질 수 있음.,SAGE-Threat,5.0-01;5.0-02;5.0-03;5.0-04;5.0-05;5.0-06;5.0-07,직접매핑,예,AWS 콘솔/CLI,데이터 품질·라인리지·카탈로그 강화
가명정보 복원(재식별) 위험,가명정보가 원본과 분리 보관되지 않거나 관리 미흡 시 재식별 가능성 존재. 가명정보에 대해 별도 저장 위치 탐지·파기 기록 관리 가능 필요.,SAGE-Threat,11.0-03;13.0-01;13.0-02;13.0-03;13.0-04;4.0-01;4.0-02;4.0-03;4.0-04;4.0-07;6.0-04;7.0-01;7.0-02;7.0-03;7.0-04;7.0-05;9.0-01;9.0-03;9.0-04;9.0-05;9.0-06;9.0-07;code 4.0-06,직접매핑,예,AWS 콘솔/CLI,보존·백업·파기 정책 자동화 / 모델/컨테이너 무결성·버전 관리 / 보안 모니터링·탐지/알림 / 환경 분리·테넌시 격리·마스킹
검증(평가) 데이터셋 불충분·오염,평가용 데이터셋이 적절치 않거나 오염되면 성능·안정성 평가가 왜곡되어 잘못된 모델 검증으로 이어질 수 있음,SAGE-Threat,5.0-01;5.0-02;5.0-03;5.0-04;5.0-05;5.0-06;5.0-07,직접매핑,예,AWS 콘솔/CLI,데이터 품질·라인리지·카탈로그 강화
로그(학습·모니터링·추론)에 개인정보 및 민감정보 포함,로그에 민감정보가 포함되면 로그 접근만으로 정보 유출·남용 가능. 접근 통제·암호화·보존주기·비식별화·무결성 보호가 필요.,SAGE-Threat,1.0-01;1.0-02;1.0-03;1.0-04;1.0-05;1.0-06;2.0-01;2.0-02;2.0-03;2.0-04;2.0-05;2.0-06;2.0-07;2.0-08;2.0-09;2.0-10;2.0-11;2.0-12;2.0-13;2.0-14;2.0-15;2.0-16;3.0-01;3.0-02;3.0-03;3.0-04;3.0-05;3.0-06;3.0-07;3.0-08;3.0-09;3.0-10;3.0-11;4.0-01;4.0-02;4.0-03;4.0-04;4.0-07;6.0-04;7.0-01;7.0-02;7.0-03;7.0-04;7.0-05;8.0-01;9.0-01;9.0-03;9.0-04;9.0-05;9.0-06;9.0-07;code 4.0-06,직접매핑,예,AWS 콘솔/CLI,저장·전송 구간 암호화(SSE-KMS/HTTPS/TLS) 적용 / 최소권한·계정보호·SCP 적용 / 로깅·감사·무결성 보호 활성화 / 보존·백업·파기 정책 자동화 / 모델/컨테이너 무결성·버전 관리 / 보안 모니터링·탐지/알림 / 네트워크 경계 강화·사설 경로 사용
로그 위·변조,로그 위조·삭제 시 무결성 보호 실패로 행위 추적이 불가능해짐,SAGE-Threat,3.0-01;3.0-02;3.0-03;3.0-04;3.0-05;3.0-06;3.0-07;3.0-08;3.0-09;3.0-10;3.0-11;4.0-01;4.0-02;4.0-03;4.0-04;4.0-07;9.0-01;9.0-03;9.0-04;9.0-05;9.0-06;9.0-07;code 4.0-06,직접매핑,예,AWS 콘솔/CLI,로깅·감사·무결성 보호 활성화 / 보존·백업·파기 정책 자동화
테스트/개발 환경에서의 비가명 PII 유포,비가명 PII가 로그·샌드박스에 포함되면 개발자 PC·테스트 버킷으로 확산되어 회수 불가. 분리·가명처리 필요,SAGE-Threat,11.0-01;11.0-02;11.0-03;11.0-04;13.0-01;13.0-02;13.0-03;13.0-04;16.0-01;16.0-02;16.0-03;3.0-01;3.0-02;3.0-03;3.0-04;3.0-05;3.0-06;3.0-07;3.0-08;3.0-09;3.0-10;3.0-11,직접매핑,예,AWS 콘솔/CLI,로깅·감사·무결성 보호 활성화 / 환경 분리·테넌시 격리·마스킹 / 변경관리/승인 기반 CI/CD
민감정보 포함 학습 데이터로 인해 결과 왜곡 및 법적 문제 발생 가능,학습 데이터에 민감정보가 포함되면 차별·왜곡된 결과 초래 및 법적 불법성(예: 민감정보 활용 금지)이 모델에 반영될 수 있음.,SAGE-Threat,,해당없음,아니오,-,정책·표준 수립 필요(해당 매핑 항목 없음)
동의 철회 후 데이터 잔존으로 인한 AI 재학습/데이터 정정 불가 문제 발생,정보주체의 동의 철회 요청에도 개인정보가 삭제되지 않으면 재학습·정정 불가로 인해 법적 위반과 신뢰 손상으로 이어짐.,SAGE-Threat,4.0-01;4.0-02;4.0-03;4.0-04;4.0-07;9.0-01;9.0-03;9.0-04;9.0-05;9.0-06;9.0-07;code 4.0-06,직접매핑,예,AWS 콘솔/CLI,보존·백업·파기 정책 자동화
잘못된 개인정보의 미삭제·미수정으로 인한 데이터 무결성 손실,잘못된/변조된 개인정보가 삭제·수정되지 않으면 모델 학습에 반영되어 무결성 저하 및 배포 모델 전반에 영향.,SAGE-Threat,16.0-01;16.0-02;16.0-03;16.0-05;3.0-01;3.0-02;3.0-03;3.0-04;3.0-05;3.0-06;3.0-07;3.0-08;3.0-09;3.0-10;3.0-11;4.0-01;4.0-02;4.0-03;4.0-04;4.0-07;9.0-01;9.0-03;9.0-04;9.0-05;9.0-06;9.0-07;code 4.0-06,직접매핑,예,AWS 콘솔/CLI,로깅·감사·무결성 보호 활성화 / 보존·백업·파기 정책 자동화 / 변경관리/승인 기반 CI/CD
데이터·모델의 무단 변경으로 인한 학습 및 배포 결과의 왜곡,학습 데이터나 모델이 무단으로 변경되면 예측이 왜곡되고 규제(GDPR 등) 위반 소지 발생.,SAGE-Threat,16.0-01;16.0-02;16.0-03;16.0-05;3.0-01,직접매핑,예,AWS 콘솔/CLI,로깅·감사·무결성 보호 활성화 / 변경관리/승인 기반 CI/CD
데이터 오염·적대적 예제·모델 추출 공격,"데이터 포이즈닝, 적대적 샘플, 모델 복제 공격으로 무결성과 기밀성이 침해될 수 있음",SAGE-Threat,3.0-01;3.0-02;3.0-03;3.0-04;3.0-05;3.0-06;3.0-07;3.0-08;3.0-09;3.0-10;3.0-11,직접매핑,예,AWS 콘솔/CLI,로깅·감사·무결성 보호 활성화
민감정보 마스킹 미흡,전처리 시 마스킹이 적용되지 않아 원본 PII가 그대로 노출될 수 있음,SAGE-Threat,11.0-03;13.0-01;13.0-02;13.0-03;13.0-04,직접매핑,예,AWS 콘솔/CLI,환경 분리·테넌시 격리·마스킹
임시파일·캐시·산출물 관리 미흡으로 인한 개인정보/PII 유출,"임시파일·캐시·체크포인트·빌드 산출물이 로그/스토리지에 남아 있거나, 만료·파기 절차가 미비하여 복구·재사용 가능으로 인해 다중고객 간 교차 유출로 이어질 수 있음",SAGE-Threat,3.0-01;3.0-02;3.0-03;3.0-04;3.0-05;3.0-06;3.0-07;3.0-08;3.0-09;3.0-10;3.0-11;4.0-01;4.0-02;4.0-03;4.0-04;4.0-07;9.0-01;9.0-03;9.0-04;9.0-05;9.0-06;9.0-07;code 4.0-06,직접매핑,예,AWS 콘솔/CLI,로깅·감사·무결성 보호 활성화 / 보존·백업·파기 정책 자동화
불완전한 삭제로 인한 잔존 데이터 노출,자원 폐기·스토리지 삭제 시 잔존 데이터가 남아 복구 가능하면 대량 유출 위험. 완전 삭제 검증 필요.,SAGE-Threat,4.0-01;4.0-02;4.0-03;4.0-04;4.0-07;9.0-01;9.0-03;9.0-04;9.0-05;9.0-06;9.0-07;code 4.0-06,직접매핑,예,AWS 콘솔/CLI,보존·백업·파기 정책 자동화
테넌트 간 교차 노출,멀티테넌시 격리 실패로 고객 간의 데이터가 노출되는 위험 발생. 테넌시 격리 검증 필요.,SAGE-Threat,11.0-03;13.0-01;13.0-02;13.0-03;13.0-04,직접매핑,예,AWS 콘솔/CLI,환경 분리·테넌시 격리·마스킹
학습 이력 누락,모델 지표·스냅샷·데이터 출처·하이퍼파라미터 기록이 누락되면 성능 저하 원인 분석·재현 불가.,SAGE-Threat,5.0-01;5.0-02;5.0-03;5.0-04;5.0-05;5.0-06;5.0-07,직접매핑,예,AWS 콘솔/CLI,데이터 품질·라인리지·카탈로그 강화
검토 누락으로 인한 무단 변경 반영,"변경관리·코드리뷰·배포검증 절차가 약하면 내부자 또는 침입자가 저장소 푸시, 파이프라인 토큰 악용, 배포 설정 변경으로 프로덕션 무결성을 훼손할 수 있음.",SAGE-Threat,10.0-01;10.0-02;10.0-04;16.0-01;16.0-02;16.0-03;16.0-05;2.0-16;3.0-01;3.0-02;3.0-03;3.0-04;3.0-05;3.0-06;3.0-07;3.0-08;3.0-09;3.0-10;3.0-11,직접매핑,예,AWS 콘솔/CLI,저장·전송 구간 암호화(SSE-KMS/HTTPS/TLS) 적용 / 로깅·감사·무결성 보호 활성화 / 변경관리/승인 기반 CI/CD
스키마 변동 미반영,데이터 스키마 변경이 검증·테스트 단계에 반영되지 않아 오류가 탐지되지 않고 운영에 반영됨. 버전 관리 없이 스키마가 수정되면 모델이 참조하는 스키마와 실제 운영 스키마가 불일치하여 무결성 오류·서비스 장애 발생 위험이 큼.,SAGE-Threat,11.0-01;11.0-02;11.0-03;11.0-04;16.0-01;16.0-02;16.0-03;16.0-05;3.0-01;3.0-02;3.0-03;3.0-04;3.0-05;3.0-06;3.0-07;3.0-08;3.0-09;3.0-10;3.0-11;5.0-01;5.0-02;5.0-03;5.0-04;5.0-05;5.0-06;5.0-07;6.0-04;7.0-01;7.0-02;7.0-03;7.0-04;7.0-05,직접매핑,예,AWS 콘솔/CLI,로깅·감사·무결성 보호 활성화 / 데이터 품질·라인리지·카탈로그 강화 / 모델/컨테이너 무결성·버전 관리 / 보안 모니터링·탐지/알림 / 환경 분리·테넌시 격리·마스킹 / 변경관리/승인 기반 CI/CD
파기 정책 미흡에 따른 데이터 무단 보관 및 규제 위반,개인정보 파기 정책이 미흡하면 데이터가 무단 보관되어 법 위반으로 이어짐. (→ 정책 준수 여부 자동 검증 및 리포트 증빙으로 해결 가능),SAGE-Threat,4.0-01;4.0-02;4.0-03;4.0-04;4.0-07;9.0-01;9.0-03;9.0-04;9.0-05;9.0-06;9.0-07;code 4.0-06,직접매핑,예,AWS 콘솔/CLI,보존·백업·파기 정책 자동화
파기 여부 증빙 불가로 인한 규제 위반,개인정보 파기 여부를 입증할 수 없으면 감사·법적 책임에서 불리. 삭제 로그 장기 보관 및 감사 대시보드 제공 필요.,SAGE-Threat,12.0-01;12.0-02;12.0-03;12.0-04;12.0-05;3.0-01;3.0-02;3.0-03;3.0-04;3.0-05;3.0-06;3.0-07;3.0-08;3.0-09;3.0-10;3.0-11;4.0-01;4.0-02;4.0-03;4.0-04;4.0-07;5.0-05;9.0-01;9.0-03;9.0-04;9.0-05;9.0-06;9.0-07;code 4.0-06,직접매핑,예,AWS 콘솔/CLI,로깅·감사·무결성 보호 활성화 / 보존·백업·파기 정책 자동화 / 데이터 품질·라인리지·카탈로그 강화 / 네트워크 경계 강화·사설 경로 사용
"재식별 발생 시, 개인정보에 대한 처리 중지/파기 미실행으로 인한 규제 위반",재식별이 발생했음에도 즉시 파기·중단이 이뤄지지 않으면 법적·규제 위반으로 이어짐,SAGE-Threat,4.0-01;4.0-02;4.0-03;4.0-04;4.0-07;9.0-01;9.0-03;9.0-04;9.0-05;9.0-06;9.0-07;code 4.0-06,직접매핑,예,AWS 콘솔/CLI,보존·백업·파기 정책 자동화
정정·삭제 미이행으로 인한 PII 축적·확산에 따른 유출,정정·삭제 요청 또는 보존기간 준수가 되지 않아 불필요 PII가 계속 축적되고 노출 범위가 확대됨,SAGE-Threat,4.0-01;4.0-02;4.0-03;4.0-04;4.0-07;9.0-01;9.0-03;9.0-04;9.0-05;9.0-06;9.0-07;code 4.0-06,직접매핑,예,AWS 콘솔/CLI,보존·백업·파기 정책 자동화
모델 버전 관리 누락,모델 배포·업데이트 이력·버전이 없으면 어느 버전이 서비스 중인지 불명확해 롤백·책임 추적이나 취약 모델 재배포(악의적 포함)가 가능할 수 있음,SAGE-Threat,16.0-01;16.0-02;16.0-03;16.0-05;3.0-01;6.0-01;6.0-02;6.0-05;6.0-07,직접매핑,예,AWS 콘솔/CLI,로깅·감사·무결성 보호 활성화 / 모델/컨테이너 무결성·버전 관리 / 변경관리/승인 기반 CI/CD
불법 데이터 소스 사용,출처 검증 없이 비인가·불법 데이터 소스 사용 시 저작권·프라이버시·규제 위반 데이터가 포함되어 법적·윤리적 위험을 초래. 모든 데이터 출처 기록·검증 체계 필요.,SAGE-Threat,5.0-01;5.0-02;5.0-03;5.0-04;5.0-05;5.0-06;5.0-07,직접매핑,예,AWS 콘솔/CLI,데이터 품질·라인리지·카탈로그 강화
정정·삭제 미반영으로 부정확한 PII 유지 (36번이랑 합체가능),데이터 정정·삭제 요청이 반영되지 않으면 부정확·불필요한 개인정보가 잔존해 파이프라인 전반을 오염시킴.,SAGE-Threat,16.0-01;16.0-02;16.0-03;16.0-05;3.0-01;4.0-01;4.0-02;4.0-03;4.0-04;4.0-07;9.0-01;9.0-03;9.0-04;9.0-05;9.0-06;9.0-07;code 4.0-06,직접매핑,예,AWS 콘솔/CLI,로깅·감사·무결성 보호 활성화 / 보존·백업·파기 정책 자동화 / 변경관리/승인 기반 CI/CD
기계판독 사본 미제공으로 권리 불이행,정보주체 요청 시 CSV/JSON 등 데이터 제공 포맷 미지원으로 인해 개인정보를 제공하지 못할 경우 규제 위반 위험 발생.,SAGE-Threat,12.0-01;12.0-02;12.0-03;12.0-04;12.0-05;5.0-05,직접매핑,예,AWS 콘솔/CLI,데이터 품질·라인리지·카탈로그 강화 / 네트워크 경계 강화·사설 경로 사용
개선 사항 미적용(지속적 개선 부재),반복적 문제에도 개선 조치 미적용으로 동일 취약점이 재발하는 구조적 문제,SAGE-Threat,,해당없음,아니오,-,정책·표준 수립 필요(해당 매핑 항목 없음)
장애 이력 미관리로 인한 동일 장애 반복,장애 기록·원인 분석 미흡으로 동일 문제가 재발,SAGE-Threat,,해당없음,아니오,-,정책·표준 수립 필요(해당 매핑 항목 없음)
시정조치 미이행 시 규제 제재 위험,"규제기관 요구 위반 시 자동 시정조치·알림이 필요하며, 미흡할 경우 제재 발생.",SAGE-Threat,,해당없음,아니오,-,정책·표준 수립 필요(해당 매핑 항목 없음)
자동 차단 오탐으로 서비스 차단,차단 정책 부정확으로 정상 서비스까지 차단될 수 있음,SAGE-Threat,7.0-03;8.0-03;8.0-04;8.0-05,직접매핑,예,AWS 콘솔/CLI,보안 모니터링·탐지/알림 / 네트워크 경계 강화·사설 경로 사용
식별자 공유·추측으로 인한 계정 도용 및 추적 불가,약한 계정 정책(추측 가능한 ID)·공유계정 관행은 계정 도용과 추적 불가로 이어짐. 고유 ID·강한 규칙·활동 추적 필요.,SAGE-Threat,1.0-01;1.0-02;1.0-03;1.0-04;1.0-05;1.0-06;8.0-01,직접매핑,예,AWS 콘솔/CLI,최소권한·계정보호·SCP 적용 / 네트워크 경계 강화·사설 경로 사용
미검증 변경의 프로덕션 반영,테스트·검증 없이 프로덕션 반영 시 예측 오류·서비스 장애·보안 결함 발생 위험.,SAGE-Threat,11.0-01;11.0-02;11.0-03;11.0-04;16.0-01;16.0-02;16.0-03;16.0-05;3.0-01,직접매핑,예,AWS 콘솔/CLI,로깅·감사·무결성 보호 활성화 / 환경 분리·테넌시 격리·마스킹 / 변경관리/승인 기반 CI/CD



